id,school,sex,age,address,famsize,Pstatus,Medu,Fedu,Mjob,Fjob,reason,guardian,traveltime,studytime,failures,schoolsup,famsup,paid,activities,nursery,higher,internet,romantic,famrel,freetime,goout,Dalc,Walc,health,absences,G1,G2,G3
56,GP,F,15.0,U,GT3,A,4.0,3.0,services,services,reputation,mother,1.0,2.0,0.0,no,yes,no,yes,yes,yes,yes,no,4.0,3,2.0,1.0,1.0,1.0,0.0,15,14,15
192,GP,M,16.0,R,GT3,T,4.0,2.0,teacher,services,other,mother,1.0,1.0,0.0,no,yes,no,yes,yes,yes,yes,yes,4.0,3,3.0,3.0,4.0,3.0,8.0,10,9,11
494,MS,F,16.0,R,LE3,T,1.0,2.0,at_home,other,course,mother,1.0,2.0,0.0,no,no,no,yes,yes,no,yes,no,4.0,4,5.0,1.0,3.0,3.0,0.0,8,9,9
404,GP,F,17.0,U,GT3,T,2.0,1.0,services,other,reputation,mother,1.0,2.0,0.0,no,yes,no,yes,yes,yes,yes,no,4.0,3,5.0,2.0,4.0,4.0,4.0,12,16,16
355,GP,F,17.0,U,GT3,T,2.0,3.0,other,other,course,father,2.0,2.0,0.0,no,no,no,yes,yes,yes,yes,yes,4.0,2,1.0,1.0,1.0,3.0,2.0,11,12,14
513,MS,F,16.0,U,GT3,T,3.0,1.0,other,other,course,mother,1.0,1.0,0.0,no,no,no,yes,yes,yes,yes,no,3.0,1,3.0,1.0,3.0,1.0,0.0,8,6,8
443,MS,M,15.0,R,LE3,T,4.0,1.0,health,services,reputation,father,1.0,2.0,0.0,no,yes,no,yes,yes,yes,yes,no,5.0,3,4.0,1.0,2.0,2.0,7.0,7,9,8
141,GP,F,16.0,R,GT3,T,1.0,1.0,at_home,other,course,mother,4.0,2.0,0.0,no,yes,no,no,yes,yes,no,no,5.0,1,3.0,1.0,1.0,3.0,0.0,14,13,13
234,GP,F,17.0,R,GT3,T,2.0,1.0,at_home,services,reputation,mother,2.0,2.0,0.0,no,yes,0,yes,yes,,yes,no,4.0,2,5.0,1.0,2.0,5.0,0.0,11,10,11
537,MS,M,15.0,U,LE3,A,2.0,1.0,services,services,course,mother,1.0,1.0,0.0,no,no,no,yes,yes,yes,yes,no,4.0,3,3.0,1.0,2.0,5.0,11.0,12,13,12
173,GP,M,16.0,U,LE3,T,1.0,2.0,health,services,course,mother,2.0,1.0,2.0,no,no,no,no,no,yes,yes,no,4.0,4,5.0,3.0,5.0,5.0,0.0,9,8,10
452,MS,F,16.0,R,GT3,T,2.0,2.0,other,other,course,mother,3.0,2.0,0.0,no,yes,no,no,yes,yes,yes,no,4.0,4,5.0,1.0,1.0,4.0,4.0,9,10,11
301,GP,M,18.0,U,GT3,T,4.0,3.0,teacher,other,course,mother,1.0,2.0,0.0,no,yes,no,no,no,yes,yes,no,4.0,3,2.0,1.0,1.0,3.0,2.0,10,10,11
197,GP,F,17.0,U,LE3,T,3.0,3.0,other,other,reputation,mother,1.0,2.0,0.0,no,yes,no,yes,yes,yes,yes,yes,5.0,3,3.0,2.0,3.0,1.0,32.0,14,13,14
531,MS,M,17.0,U,GT3,T,1.0,1.0,at_home,services,other,mother,3.0,2.0,0.0,no,no,no,no,yes,yes,yes,yes,5.0,1,3.0,3.0,3.0,1.0,0.0,10,10,10
151,GP,M,16.0,U,GT3,T,4.0,4.0,services,services,course,mother,1.0,3.0,0.0,no,yes,no,yes,yes,yes,yes,no,5.0,3,3.0,1.0,3.0,5.0,0.0,15,13,13
506,MS,F,20.0,U,GT3,T,3.0,3.0,at_home,services,other,mother,2.0,2.0,1.0,no,no,no,yes,yes,yes,yes,yes,3.0,3,4.0,2.0,4.0,3.0,8.0,11,9,10
471,MS,F,16.0,R,GT3,T,2.0,2.0,at_home,other,course,mother,2.0,2.0,1.0,no,yes,no,yes,no,yes,no,no,4.0,4,4.0,2.0,3.0,5.0,2.0,12,11,12
534,MS,M,16.0,U,LE3,T,4.0,4.0,teacher,health,other,father,1.0,1.0,0.0,no,yes,no,no,yes,yes,yes,no,4.0,1,2.0,2.0,5.0,5.0,0.0,11,12,12
261,GP,F,17.0,R,GT3,T,2.0,1.0,at_home,services,course,mother,3.0,2.0,0.0,no,no,no,yes,yes,yes,no,no,2.0,1,1.0,1.0,1.0,3.0,2.0,13,13,13
263,GP,M,18.0,U,GT3,T,2.0,2.0,other,services,reputation,father,1.0,2.0,0.0,no,no,no,no,yes,no,yes,no,5.0,5,4.0,3.0,5.0,2.0,16.0,8,7,8
255,GP,F,18.0,U,GT3,T,3.0,3.0,other,other,course,mother,2.0,1.0,1.0,no,no,no,no,yes,no,yes,no,4.0,1,1.0,1.0,1.0,3.0,14.0,8,7,7
2,GP,F,15.0,U,LE3,T,1.0,1.0,at_home,other,other,mother,1.0,2.0,0.0,yes,no,no,no,yes,yes,yes,no,4.0,3,2.0,2.0,3.0,3.0,6.0,12,13,12
48,GP,M,15.0,U,GT3,T,4.0,2.0,teacher,other,home,mother,1.0,2.0,0.0,no,yes,no,no,yes,yes,no,no,4.0,3,3.0,2.0,2.0,5.0,4.0,11,12,13
183,GP,F,16.0,U,GT3,T,4.0,4.0,health,health,reputation,mother,1.0,2.0,0.0,no,yes,no,no,yes,yes,yes,yes,4.0,4,2.0,1.0,1.0,3.0,0.0,16,16,17
201,GP,M,16.0,U,LE3,T,2.0,1.0,other,other,course,mother,1.0,2.0,0.0,no,no,no,yes,yes,yes,yes,yes,4.0,2,3.0,1.0,2.0,5.0,0.0,13,14,16
257,GP,M,17.0,U,GT3,T,4.0,4.0,teacher,teacher,course,mother,1.0,1.0,0.0,no,yes,no,yes,no,yes,yes,no,4.0,2,1.0,1.0,2.0,5.0,6.0,10,8,9
264,GP,F,17.0,U,LE3,A,2.0,2.0,other,other,home,mother,1.0,1.0,1.0,no,yes,no,no,no,no,yes,no,3.0,1,2.0,1.0,1.0,1.0,8.0,11,9,10
552,MS,M,19.0,U,GT3,T,1.0,1.0,other,other,other,mother,1.0,2.0,2.0,no,yes,no,yes,yes,no,yes,no,4.0,4,3.0,3.0,4.0,4.0,2.0,9,9,10
540,MS,F,17.0,U,GT3,T,3.0,2.0,at_home,other,home,mother,2.0,1.0,0.0,no,no,no,no,yes,yes,no,yes,4.0,3,3.0,2.0,2.0,1.0,5.0,9,11,11
639,MS,M,19.0,R,GT3,T,1.0,1.0,other,services,other,mother,2.0,1.0,1.0,no,no,no,no,yes,yes,no,no,4.0,3,2.0,1.0,3.0,5.0,0.0,5,8,0
479,MS,F,17.0,U,GT3,T,2.0,2.0,other,at_home,course,mother,1.0,1.0,0.0,no,yes,no,yes,yes,no,no,no,4.0,5,3.0,1.0,1.0,5.0,4.0,9,9,10
249,GP,M,16.0,U,GT3,T,3.0,2.0,at_home,other,reputation,mother,2.0,3.0,0.0,no,no,no,yes,yes,yes,yes,yes,5.0,3,3.0,1.0,3.0,2.0,0.0,12,12,12
633,MS,F,18.0,R,LE3,T,4.0,4.0,teacher,services,course,mother,1.0,2.0,0.0,no,no,no,,yes,1,yes,no,5.0,4,3.0,3.0,4.0,2.0,1.0,13,14,14
542,MS,F,16.0,U,GT3,T,4.0,4.0,teacher,services,course,mother,2.0,3.0,0.0,no,yes,no,no,yes,yes,yes,yes,5.0,3,5.0,1.0,4.0,5.0,1.0,10,11,12
332,GP,F,18.0,,GT3,T,2.0,2.0,at_home,at_home,other,mother,1.0,3.0,0.0,no,yes,no,no,yes,yes,yes,0,4.0,3,3.0,1.0,2.0,2.0,0.0,18,18,18
536,MS,M,15.0,U,LE3,A,2.0,2.0,other,other,reputation,mother,3.0,4.0,0.0,no,yes,no,yes,yes,yes,no,no,5.0,4,5.0,2.0,3.0,5.0,8.0,13,14,14
548,MS,F,17.0,U,GT3,A,1.0,1.0,at_home,at_home,other,mother,1.0,2.0,0.0,no,no,no,yes,yes,yes,yes,yes,4.0,5,5.0,1.0,2.0,3.0,2.0,11,10,11
600,MS,M,17.0,R,GT3,T,1.0,1.0,other,services,other,father,3.0,1.0,0.0,no,no,no,no,no,no,no,no,4.0,2,3.0,3.0,4.0,4.0,4.0,12,13,14
118,GP,M,17.0,R,GT3,T,1.0,3.0,other,other,course,father,3.0,2.0,1.0,no,yes,no,yes,yes,yes,yes,no,5.0,2,4.0,1.0,4.0,5.0,14.0,12,11,11
597,MS,F,18.0,R,GT3,T,2.0,2.0,at_home,other,course,mother,3.0,2.0,1.0,no,no,no,yes,yes,yes,no,yes,4.0,3,3.0,1.0,1.0,4.0,0.0,9,0,0
358,GP,F,18.0,U,LE3,T,4.0,3.0,health,services,course,mother,2.0,1.0,0.0,no,yes,no,no,yes,yes,yes,no,3.0,2,4.0,1.0,4.0,1.0,8.0,12,12,15
482,MS,F,15.0,R,LE3,T,1.0,1.0,at_home,other,course,mother,2.0,1.0,0.0,no,yes,no,no,yes,no,no,yes,5.0,2,1.0,1.0,3.0,4.0,0.0,9,10,9
357,GP,F,18.0,U,GT3,T,4.0,3.0,other,other,course,mother,1.0,3.0,0.0,no,yes,no,yes,yes,yes,yes,yes,4.0,3,4.0,1.0,1.0,5.0,2.0,14,15,17
586,MS,F,17.0,U,GT3,T,4.0,2.0,teacher,services,home,mother,1.0,2.0,0.0,yes,yes,no,yes,yes,yes,yes,no,5.0,5,5.0,1.0,3.0,5.0,0.0,8,8,0
203,GP,M,17.0,R,GT3,T,1.0,2.0,at_home,other,home,mother,1.0,2.0,,no,não,no,no,yes,yes,no,no,3.0,1,3.0,1.0,5.0,3.0,6.0,9,9,10
593,MS,F,18.0,U,LE3,A,1.0,2.0,at_home,other,reputation,mother,2.0,2.0,0.0,no,no,no,no,yes,yes,yes,no,4.0,4,3.0,1.0,2.0,4.0,0.0,12,13,14
70,GP,M,16.0,U,GT3,T,3.0,1.0,other,other,reputation,father,2.0,4.0,0.0,no,yes,no,no,yes,yes,yes,no,4.0,3,2.0,1.0,1.0,5.0,2.0,13,11,11
241,GP,M,17.0,U,LE3,T,2.0,3.0,services,services,reputation,father,1.0,2.0,0.0,no,yes,no,no,no,yes,yes,no,5.0,3,3.0,1.0,3.0,3.0,0.0,10,11,11
628,MS,F,17.0,U,GT3,T,2.0,2.0,other,at_home,home,mother,1.0,3.0,0.0,no,no,no,yes,yes,yes,no,yes,3.0,4,3.0,1.0,1.0,3.0,8.0,10,11,12
218,GP,F,16.0,R,GT3,T,2.0,2.0,services,services,reputation,mother,2.0,4.0,0.0,no,yes,no,yes,no,yes,yes,no,5.0,3,5.0,1.0,1.0,5.0,6.0,13,13,13
421,GP,F,20.0,U,GT3,T,1.0,0.0,other,other,reputation,mother,2.0,1.0,1.0,yes,no,no,no,yes,yes,yes,yes,5.0,3,1.0,1.0,1.0,5.0,5.0,8,10,10
624,MS,F,17.0,R,GT3,T,1.0,1.0,other,services,reputation,mother,3.0,1.0,1.0,no,yes,no,no,yes,yes,yes,yes,5.0,2,1.0,1.0,2.0,1.0,0.0,8,8,9
640,MS,M,18.0,R,GT3,T,4.0,2.0,other,other,home,father,2.0,1.0,1.0,no,no,yes,no,yes,yes,no,no,5.0,4,3.0,4.0,3.0,3.0,0.0,7,7,0
245,GP,M,17.0,R,GT3,T,2.0,2.0,other,other,course,father,2.0,2.0,0.0,no,yes,no,yes,yes,yes,yes,no,4.0,5,2.0,1.0,1.0,1.0,0.0,12,13,13
470,MS,F,15.0,R,GT3,T,3.0,3.0,services,other,reputation,mother,1.0,2.0,0.0,no,,no,não,yes,yes,yes,yes,4.0,5,4.0,1.0,1.0,1.0,4.0,13,12,12
288,GP,F,18.0,U,LE3,A,2.0,1.0,other,other,course,mother,1.0,2.0,0.0,no,yes,no,no,no,yes,yes,yes,4.0,3,4.0,1.0,3.0,5.0,2.0,12,12,13
432,MS,F,17.0,R,GT3,T,1.0,1.0,other,other,other,father,1.0,1.0,1.0,no,yes,no,no,no,no,sim,no,5.0,4,4.0,2.0,2.0,5.0,,6,6,7
322,GP,F,19.0,R,GT3,T,3.0,2.0,services,services,reputation,father,1.0,2.0,1.0,yes,1,no,no,yes,no,yes,no,3.0,3,3.0,,3.0,3.0,0.0,9,8,10
193,GP,M,17.0,U,GT3,T,4.0,3.0,other,other,course,mother,1.0,2.0,0.0,no,yes,yes,yes,yes,yes,yes,yes,5.0,2,3.0,1.0,1.0,2.0,4.0,11,11,13
170,GP,F,18.0,R,GT3,T,1.0,1.0,at_home,other,course,mother,3.0,1.0,3.0,no,yes,no,yes,no,yes,no,no,5.0,2,5.0,1.0,5.0,4.0,6.0,11,10,11
0,GP,F,18.0,U,GT3,A,4.0,4.0,at_home,teacher,course,mother,2.0,2.0,0.0,yes,no,no,no,yes,yes,no,no,4.0,3,4.0,1.0,1.0,3.0,4.0,0,11,11
194,GP,M,16.0,U,GT3,T,4.0,3.0,teacher,other,home,mother,1.0,2.0,0.0,no,yes,yes,yes,yes,yes,yes,no,3.0,4,3.0,2.0,3.0,3.0,4.0,11,10,11
386,GP,F,17.0,R,GT3,T,2.0,4.0,at_home,other,course,father,1.0,3.0,0.0,no,yes,no,no,yes,yes,yes,yes,4.0,4,3.0,1.0,1.0,5.0,0.0,15,15,15
291,GP,M,18.0,U,LE3,T,2.0,1.0,services,other,course,mother,3.0,2.0,1.0,no,no,no,yes,no,no,yes,no,4.0,4,5.0,4.0,4.0,5.0,4.0,11,10,11
533,MS,F,16.0,U,LE3,T,2.0,1.0,other,services,other,mother,1.0,2.0,0.0,no,no,no,no,yes,yes,yes,yes,3.0,2,2.0,1.0,1.0,3.0,0.0,14,15,16
521,MS,F,16.0,R,GT3,T,2.0,3.0,at_home,services,other,mother,2.0,2.0,0.0,no,yes,no,yes,yes,yes,yes,no,3.0,3,3.0,1.0,1.0,2.0,0.0,8,10,10
398,GP,F,18.0,U,GT3,T,2.0,3.0,at_home,other,course,mother,1.0,3.0,0.0,no,yes,no,no,yes,yes,yes,no,4.0,3,3.0,1.0,2.0,3.0,0.0,11,12,14
339,GP,M,18.0,R,LE3,T,3.0,2.0,services,other,reputation,mother,2.0,3.0,0.0,no,yes,no,yes,yes,yes,yes,no,5.0,4,2.0,1.0,1.0,4.0,0.0,14,15,15
498,MS,F,16.0,U,GT3,T,2.0,1.0,other,services,course,mother,1.0,2.0,0.0,no,yes,no,yes,yes,yes,yes,no,5.0,3,3.0,1.0,1.0,1.0,0.0,14,13,14
60,GP,F,16.0,R,GT3,T,4.0,4.0,health,teacher,other,mother,1.0,2.0,0.0,no,yes,no,yes,yes,yes,no,no,2.0,4,4.0,2.0,3.0,4.0,0.0,17,16,16
413,GP,M,21.0,R,LE3,T,1.0,1.0,at_home,other,course,other,2.0,2.0,2.0,no,yes,no,yes,yes,no,yes,yes,5.0,3,3.0,5.0,2.0,4.0,21.0,9,10,10
55,GP,F,16.0,U,GT3,A,2.0,1.0,other,other,other,mother,1.0,2.0,0.0,no,no,no,yes,yes,yes,yes,yes,5.0,3,4.0,1.0,1.0,2.0,2.0,12,13,12
347,GP,F,17.0,R,GT3,T,4.0,4.0,services,services,reputation,mother,2.0,3.0,0.0,no,yes,no,yes,yes,yes,yes,no,5.0,3,4.0,1.0,1.0,5.0,0.0,7,7,8
58,GP,M,15.0,U,LE3,T,1.0,2.0,other,at_home,home,father,1.0,2.0,0.0,yes,yes,no,yes,yes,yes,yes,no,4.0,3,2.0,1.0,1.0,5.0,0.0,14,13,14
9,GP,M,15.0,U,GT3,T,3.0,4.0,other,other,home,mother,1.0,2.0,0.0,no,yes,no,yes,yes,yes,yes,no,5.0,5,1.0,1.0,1.0,5.0,0.0,12,12,13
71,GP,M,15.0,U,GT3,T,4.0,2.0,other,other,course,mother,1.0,4.0,0.0,no,no,no,no,yes,yes,1,no,3.0,3,3.0,1.0,1.0,3.0,,11,9,10
500,MS,M,17.0,U,GT3,T,1.0,2.0,other,other,course,father,1.0,1.0,1.0,no,yes,no,yes,yes,no,yes,yes,5.0,3,5.0,5.0,5.0,1.0,12.0,6,7,7
120,GP,F,15.0,U,GT3,T,1.0,2.0,at_home,services,course,mother,1.0,2.0,0.0,no,no,no,no,no,yes,yes,no,3.0,2,3.0,1.0,2.0,1.0,0.0,14,14,14
378,GP,M,17.0,U,GT3,T,3.0,3.0,other,services,reputation,mother,1.0,1.0,0.0,no,no,no,yes,no,yes,yes,no,4.0,3,5.0,3.0,5.0,5.0,0.0,17,18,17
11,GP,F,15.0,U,GT3,T,2.0,1.0,services,other,reputation,father,3.0,3.0,0.0,no,yes,no,yes,yes,yes,yes,no,5.0,2,2.0,1.0,1.0,4.0,0.0,10,12,13
643,MS,F,18.0,R,GT3,T,4.0,4.0,teacher,at_home,reputation,mother,3.0,1.0,0.0,no,1,no,yes,,yes,yes,yes,4.0,4,3.0,2.0,2.0,5.0,4.0,7,9,10
618,MS,F,18.0,R,LE3,A,1.0,2.0,at_home,other,course,mother,3.0,2.0,0.0,no,no,no,no,yes,yes,no,yes,4.0,3,4.0,1.0,4.0,5.0,0.0,16,15,15
514,MS,F,16.0,U,GT3,T,3.0,2.0,services,at_home,course,mother,1.0,1.0,0.0,no,no,no,no,yes,yes,yes,no,3.0,1,3.0,1.0,4.0,3.0,2.0,7,6,7
175,GP,M,17.0,R,GT3,T,3.0,2.0,other,other,course,mother,,2.0,2.0,yes,1,no,no,yes,yes,yes,yes,4.0,4,4.0,1.0,4.0,3.0,4.0,7,6,8
238,GP,F,16.0,U,GT3,T,4.0,4.0,teacher,services,home,mother,1.0,3.0,0.0,no,yes,no,yes,não,yes,yes,no,5.0,3,2.0,1.0,,5.0,4.0,15,16,16
309,GP,M,18.0,U,GT3,T,4.0,2.0,health,other,reputation,father,1.0,2.0,0.0,no,yes,no,yes,yes,yes,yes,yes,5.0,4,5.0,1.0,3.0,5.0,4.0,10,12,14
511,MS,F,17.0,U,GT3,A,1.0,0.0,other,other,other,mother,2.0,2.0,0.0,no,no,no,no,yes,1,yes,yes,4.0,4,5.0,,1.0,4.0,1.0,11,9,10
560,MS,M,17.0,R,GT3,T,1.0,1.0,other,services,course,mother,2.0,1.0,0.0,no,yes,no,yes,no,yes,yes,yes,4.0,5,5.0,1.0,3.0,2.0,0.0,10,9,10
131,GP,F,18.0,U,GT3,T,2.0,1.0,services,other,reputation,mother,1.0,2.0,3.0,no,yes,no,yes,yes,no,yes,yes,5.0,4,5.0,1.0,3.0,5.0,10.0,10,9,8
503,MS,F,16.0,U,GT3,T,1.0,1.0,other,other,course,other,1.0,4.0,0.0,yes,yes,no,yes,yes,yes,yes,no,2.0,2,1.0,1.0,1.0,5.0,0.0,14,14,14
379,GP,M,17.0,R,GT3,T,2.0,2.0,services,other,course,mother,4.0,1.0,0.0,no,yes,no,no,,1,yes,no,4.0,4,5.0,5.0,5.0,4.0,2.0,11,10,10
132,GP,F,17.0,U,LE3,A,2.0,1.0,other,other,course,mother,3.0,1.0,0.0,no,yes,no,no,yes,yes,yes,no,3.0,2,2.0,1.0,2.0,5.0,8.0,11,10,11
515,MS,F,18.0,U,LE3,T,1.0,1.0,other,at_home,reputation,mother,2.0,2.0,0.0,yes,no,no,no,yes,yes,no,no,2.0,3,5.0,1.0,4.0,3.0,8.0,9,8,10
632,MS,F,19.0,R,GT3,T,1.0,1.0,at_home,other,course,other,2.0,2.0,1.0,no,yes,no,no,yes,yes,yes,yes,4.0,3,3.0,1.0,1.0,3.0,4.0,7,8,9
525,MS,M,17.0,U,LE3,T,4.0,4.0,other,services,home,mother,1.0,3.0,0.0,no,yes,no,no,yes,yes,yes,no,4.0,4,3.0,1.0,2.0,5.0,0.0,15,14,16
153,GP,F,15.0,U,GT3,T,4.0,4.0,teacher,services,course,mother,1.0,3.0,0.0,no,yes,no,yes,yes,yes,yes,no,4.0,2,2.0,1.0,1.0,5.0,2.0,13,13,13
345,GP,F,18.0,U,LE3,A,4.0,4.0,health,other,home,mother,1.0,2.0,0.0,no,yes,yes,no,yes,yes,yes,yes,4.0,2,4.0,1.0,1.0,4.0,0.0,14,15,15
90,GP,F,16.0,U,GT3,T,3.0,3.0,other,other,home,mother,1.0,3.0,0.0,no,yes,no,no,yes,yes,yes,yes,4.0,3,3.0,1.0,3.0,4.0,2.0,9,11,11
366,GP,F,17.0,U,LE3,A,3.0,3.0,services,other,home,mother,1.0,2.0,0.0,yes,yes,no,no,yes,yes,yes,no,5.0,3,3.0,1.0,1.0,5.0,0.0,12,12,13
326,GP,M,17.0,U,LE3,A,3.0,2.0,teacher,services,home,mother,1.0,1.0,0.0,no,no,no,no,yes,yes,yes,no,4.0,4,4.0,3.0,4.0,3.0,18.0,13,13,13
485,MS,F,17.0,R,GT3,T,2.0,2.0,at_home,other,course,mother,2.0,2.0,0.0,no,yes,no,no,yes,yes,yes,no,4.0,3,5.0,1.0,2.0,4.0,0.0,11,10,11
576,MS,M,18.0,R,GT3,T,3.0,2.0,other,other,course,mother,2.0,1.0,0.0,no,yes,no,no,no,yes,yes,no,2.0,5,5.0,5.0,5.0,5.0,8.0,9,10,11
77,GP,F,16.0,U,GT3,T,2.0,2.0,other,other,reputation,mother,1.0,4.0,0.0,no,no,no,no,yes,yes,yes,yes,5.0,2,3.0,1.0,3.0,3.0,1.0,13,13,13
191,GP,M,17.0,U,GT3,T,3.0,3.0,other,other,reputation,father,1.0,2.0,0.0,no,no,no,yes,no,yes,yes,no,4.0,3,4.0,1.0,4.0,4.0,4.0,11,9,10
26,GP,M,15.0,U,GT3,T,2.0,2.0,other,other,home,mother,1.0,1.0,0.0,no,yes,no,no,yes,yes,yes,no,4.0,2,2.0,1.0,2.0,5.0,8.0,11,12,12
562,MS,F,16.0,R,LE3,T,2.0,2.0,other,services,course,father,1.0,2.0,0.0,no,no,no,yes,yes,yes,no,yes,5.0,4,3.0,1.0,1.0,1.0,0.0,11,13,12
104,GP,M,15.0,U,GT3,A,3.0,4.0,services,other,course,mother,1.0,2.0,0.0,não,yes,,yes,yes,yes,yes,no,5.0,4,4.0,1.0,1.0,1.0,0.0,16,16,16
113,GP,M,15.0,U,LE3,T,4.0,2.0,teacher,other,course,mother,1.0,1.0,0.0,no,no,no,no,yes,yes,yes,no,3.0,5,2.0,1.0,1.0,3.0,10.0,18,17,18
373,GP,F,17.0,R,LE3,T,2.0,2.0,services,services,course,mother,1.0,3.0,0.0,no,yes,no,1,yes,yes,yes,no,3.0,3,2.0,,2.0,3.0,0.0,11,11,10
94,GP,M,15.0,U,LE3,T,2.0,2.0,services,health,reputation,mother,1.0,4.0,0.0,no,yes,no,yes,yes,yes,yes,não,4.0,3,4.0,,1.0,4.0,2.0,11,12,12
315,GP,F,18.0,U,GT3,T,2.0,1.0,other,other,home,mother,1.0,2.0,0.0,no,yes,no,no,yes,yes,yes,yes,4.0,2,5.0,1.0,2.0,1.0,8.0,14,14,15
571,MS,M,19.0,U,GT3,T,2.0,1.0,at_home,other,course,other,2.0,1.0,3.0,no,no,no,yes,no,no,yes,yes,4.0,4,3.0,1.0,3.0,5.0,4.0,8,9,9
108,GP,M,15.0,R,GT3,T,4.0,4.0,other,other,home,father,4.0,4.0,0.0,no,yes,no,yes,yes,yes,yes,yes,1.0,3,5.0,3.0,5.0,1.0,8.0,12,10,11
619,MS,F,18.0,U,GT3,T,3.0,3.0,services,services,other,mother,2.0,2.0,0.0,no,yes,no,no,yes,yes,yes,yes,4.0,3,2.0,1.0,3.0,3.0,6.0,13,12,13
440,MS,M,16.0,U,GT3,T,1.0,1.0,at_home,services,home,mother,2.0,2.0,0.0,no,yes,no,yes,yes,yes,no,yes,5.0,4,5.0,4.0,5.0,3.0,0.0,7,0,0
519,MS,M,16.0,R,GT3,T,2.0,1.0,other,services,reputation,mother,2.0,2.0,0.0,no,no,no,yes,yes,yes,yes,no,5.0,2,1.0,1.0,1.0,2.0,0.0,8,7,0
18,GP,M,17.0,U,GT3,T,3.0,2.0,services,services,course,mother,1.0,1.0,3.0,no,yes,yes,yes,yes,yes,yes,no,5.0,5,5.0,2.0,4.0,5.0,2.0,8,8,7
394,GP,F,17.0,R,GT3,A,3.0,2.0,other,other,home,mother,1.0,2.0,0.0,no,yes,no,no,yes,yes,yes,no,4.0,3,3.0,2.0,3.0,2.0,0.0,14,14,16
334,GP,M,18.0,U,GT3,T,2.0,1.0,services,services,reputation,mother,1.0,3.0,0.0,no,no,no,yes,yes,yes,yes,no,4.0,2,4.0,1.0,3.0,2.0,0.0,14,15,15
475,MS,F,15.0,U,GT3,T,2.0,2.0,other,services,course,mother,2.0,3.0,0.0,no,yes,no,yes,yes,yes,no,no,5.0,3,2.0,1.0,1.0,4.0,0.0,12,13,14
240,GP,F,17.0,U,GT3,T,3.0,2.0,other,other,course,mother,1.0,2.0,0.0,no,no,no,yes,no,yes,yes,no,5.0,3,4.0,1.0,3.0,3.0,2.0,17,18,17
244,GP,F,17.0,U,LE3,T,4.0,3.0,health,other,reputation,father,1.0,2.0,0.0,no,no,no,yes,yes,yes,yes,yes,3.0,2,3.0,1.0,2.0,3.0,0.0,14,12,12
13,GP,M,15.0,U,GT3,T,4.0,3.0,teacher,other,course,mother,2.0,2.0,0.0,no,yes,no,no,yes,yes,yes,no,5.0,4,3.0,1.0,2.0,3.0,0.0,12,12,13
573,MS,F,17.0,U,GT3,T,1.0,1.0,other,at_home,course,mother,1.0,1.0,0.0,no,yes,no,yes,yes,yes,no,no,4.0,3,2.0,1.0,2.0,5.0,9.0,7,9,10
535,MS,M,15.0,R,GT3,T,1.0,2.0,other,services,course,mother,3.0,2.0,0.0,no,yes,no,yes,yes,yes,no,no,5.0,5,5.0,1.0,3.0,5.0,11.0,9,11,10
381,GP,F,17.0,U,GT3,T,4.0,4.0,teacher,teacher,course,mother,2.0,3.0,0.0,no,yes,no,no,no,yes,yes,yes,4.0,3,3.0,1.0,2.0,4.0,4.0,15,14,15
72,GP,F,15.0,R,GT3,T,1.0,1.0,other,other,reputation,mother,1.0,2.0,0.0,yes,yes,no,no,no,yes,yes,yes,3.0,3,4.0,2.0,4.0,5.0,2.0,13,11,11
458,MS,F,16.0,R,GT3,T,1.0,1.0,other,other,home,father,4.0,4.0,0.0,no,yes,no,no,no,yes,yes,no,4.0,3,2.0,1.0,1.0,1.0,0.0,13,10,13
287,GP,M,17.0,U,LE3,T,1.0,1.0,health,other,course,mother,2.0,1.0,1.0,no,yes,no,yes,yes,yes,yes,no,4.0,4,4.0,1.0,2.0,5.0,0.0,9,10,10
220,GP,F,16.0,U,GT3,A,3.0,1.0,services,other,course,mother,1.0,2.0,0.0,no,yes,não,no,,yes,yes,no,2.0,3,3.0,2.0,2.0,4.0,2.0,11,11,12
286,GP,M,17.0,R,GT3,T,2.0,1.0,other,other,course,mother,1.0,1.0,0.0,no,no,no,no,no,yes,yes,no,4.0,4,2.0,2.0,4.0,5.0,0.0,12,12,13
647,MS,M,17.0,U,LE3,T,3.0,1.0,services,services,course,mother,2.0,1.0,0.0,no,no,no,no,no,yes,yes,no,2.0,4,5.0,3.0,4.0,2.0,6.0,10,10,10
134,GP,F,17.0,U,LE3,T,2.0,2.0,other,other,course,father,1.0,1.0,0.0,no,yes,no,no,yes,yes,yes,yes,3.0,4,4.0,1.0,3.0,5.0,2.0,13,12,12
441,MS,M,17.0,U,GT3,T,1.0,1.0,other,other,home,mother,1.0,2.0,0.0,no,no,yes,no,no,yes,yes,no,4.0,4,3.0,2.0,4.0,5.0,4.0,8,9,9
420,GP,F,18.0,U,LE3,A,2.0,2.0,services,other,reputation,mother,2.0,2.0,0.0,no,yes,no,no,yes,yes,yes,no,4.0,1,4.0,1.0,3.0,4.0,10.0,14,17,17
24,GP,F,15.0,R,GT3,T,2.0,4.0,services,health,course,mother,1.0,3.0,0.0,yes,yes,no,yes,yes,yes,yes,no,4.0,3,2.0,1.0,1.0,5.0,2.0,10,11,10
507,MS,F,17.0,U,LE3,T,1.0,1.0,other,services,course,father,1.0,3.0,0.0,no,yes,no,no,yes,yes,no,yes,4.0,3,3.0,1.0,1.0,3.0,0.0,11,11,10
412,GP,F,18.0,U,LE3,T,4.0,2.0,teacher,other,course,mother,1.0,2.0,0.0,no,yes,no,yes,yes,yes,yes,no,4.0,2,2.0,1.0,1.0,3.0,0.0,14,17,17
265,GP,F,17.0,R,LE3,T,1.0,1.0,at_home,other,course,mother,2.0,3.0,0.0,no,no,no,yes,yes,yes,yes,no,4.0,3,3.0,1.0,3.0,5.0,4.0,15,14,15
375,GP,F,17.0,U,LE3,T,0.0,2.0,at_home,at_home,home,father,2.0,3.0,0.0,no,no,no,no,yes,yes,yes,no,3.0,3,3.0,2.0,3.0,2.0,0.0,14,14,15
431,MS,F,17.0,R,GT3,T,3.0,2.0,at_home,other,course,father,1.0,2.0,1.0,no,no,no,no,yes,yes,no,yes,4.0,5,4.0,1.0,2.0,5.0,0.0,10,10,10
78,GP,M,17.0,U,GT3,T,2.0,1.0,other,other,home,mother,2.0,1.0,3.0,yes,yes,no,yes,yes,no,yes,no,4.0,5,1.0,1.0,1.0,3.0,0.0,9,9,10
214,GP,F,16.0,U,GT3,T,4.0,3.0,health,other,home,mother,1.0,2.0,0.0,no,yes,no,,yes,yes,yes,no,4.0,3,5.0,1.0,5.0,2.0,2.0,14,14,15
86,GP,F,16.0,U,LE3,T,2.0,2.0,at_home,other,course,mother,1.0,2.0,0.0,no,yes,no,no,yes,yes,no,no,4.0,3,4.0,1.0,2.0,2.0,6.0,13,11,11
622,MS,M,18.0,R,GT3,,1.0,3.0,at_home,other,course,mother,2.0,2.0,0.0,no,yes,sim,no,yes,yes,no,no,3.0,3,4.0,2.0,4.0,3.0,0.0,8,10,9
105,GP,F,15.0,U,GT3,A,3.0,3.0,other,health,reputation,father,1.0,4.0,0.0,yes,no,no,no,yes,yes,no,no,4.0,3,3.0,1.0,1.0,4.0,10.0,10,10,10
438,MS,F,17.0,R,GT3,T,2.0,3.0,other,other,course,mother,2.0,1.0,0.0,no,1,no,no,yes,yes,yes,no,5.0,5,5.0,1.0,3.0,3.0,,10,11,12
37,GP,M,16.0,R,GT3,A,4.0,4.0,other,teacher,reputation,mother,2.0,3.0,0.0,no,yes,no,yes,yes,yes,yes,yes,2.0,4,3.0,1.0,1.0,5.0,4.0,13,13,13
599,MS,M,18.0,R,GT3,T,4.0,4.0,at_home,services,other,mother,3.0,1.0,0.0,no,yes,yes,yes,yes,yes,yes,yes,2.0,5,5.0,1.0,1.0,1.0,5.0,12,13,14
204,GP,F,16.0,U,GT3,T,2.0,3.0,services,services,course,mother,1.0,2.0,0.0,no,no,no,no,yes,yes,yes,no,4.0,3,3.0,1.0,1.0,2.0,6.0,12,12,13
645,MS,F,,U,LE3,T,3.0,1.0,teacher,services,course,mother,1.0,2.0,0.0,no,yes,no,0,yes,yes,yes,no,4.0,3,4.0,1.0,1.0,1.0,4.0,15,15,16
73,GP,M,16.0,U,GT3,T,3.0,1.0,other,other,reputation,mother,1.0,1.0,0.0,0,no,no,yes,yes,yes,,no,5.0,3,2.0,2.0,2.0,5.0,0.0,13,13,14
401,GP,M,18.0,U,GT3,T,4.0,3.0,teacher,other,course,mother,1.0,3.0,0.0,no,yes,no,no,yes,yes,yes,yes,5.0,4,5.0,2.0,3.0,5.0,0.0,14,13,14
57,GP,M,15.0,U,GT3,T,4.0,4.0,teacher,,reputation,mother,1.0,2.0,0.0,no,yes,no,1,yes,yes,no,no,3.0,2,2.0,1.0,1.0,5.0,8.0,15,15,16
384,GP,M,19.0,R,GT3,T,3.0,2.0,at_home,services,home,other,1.0,1.0,0.0,no,yes,no,no,no,yes,no,yes,5.0,3,4.0,2.0,2.0,5.0,0.0,11,10,10
109,GP,F,16.0,U,LE3,T,4.0,4.0,health,health,other,mother,1.0,3.0,0.0,no,yes,no,yes,yes,yes,yes,yes,5.0,4,5.0,1.0,1.0,4.0,2.0,15,15,14
135,GP,F,16.0,U,GT3,A,3.0,4.0,services,other,course,father,1.0,1.0,0.0,no,no,no,no,yes,yes,yes,no,3.0,2,1.0,1.0,4.0,5.0,12.0,15,13,14
159,GP,F,15.0,U,GT3,T,1.0,2.0,at_home,other,course,mother,1.0,2.0,0.0,no,yes,no,no,no,sim,yes,no,,3,2.0,1.0,1.0,5.0,6.0,13,12,13
223,GP,F,17.0,R,GT3,T,4.0,,teacher,other,reputation,mother,2.0,3.0,0.0,no,yes,no,yes,yes,yes,yes,sim,4.0,4,2.0,1.0,1.0,4.0,0.0,11,12,12
547,MS,M,16.0,R,LE3,T,4.0,1.0,other,at_home,other,father,1.0,1.0,0.0,no,no,no,no,yes,yes,yes,no,4.0,1,2.0,2.0,1.0,2.0,0.0,10,11,11
41,GP,M,15.0,U,LE3,T,4.0,4.0,teacher,other,home,other,1.0,1.0,0.0,no,yes,no,no,no,yes,yes,yes,5.0,4,3.0,2.0,4.0,5.0,8.0,10,11,11
580,MS,M,19.0,R,GT3,T,1.0,1.0,other,other,home,other,3.0,1.0,1.0,no,yes,no,no,yes,yes,yes,no,4.0,4,4.0,3.0,3.0,5.0,4.0,8,9,10
603,MS,F,18.0,R,LE3,A,4.0,2.0,teacher,other,,mother,1.0,2.0,0.0,não,no,no,yes,yes,yes,yes,yes,5.0,3,1.0,1.0,1.0,5.0,0.0,5,0,0
59,GP,F,16.0,U,GT3,T,4.0,2.0,services,other,course,mother,1.0,2.0,0.0,no,yes,yes,no,yes,yes,yes,no,4.0,2,3.0,1.0,1.0,5.0,2.0,16,15,16
271,GP,F,17.0,U,GT3,T,4.0,4.0,teacher,services,course,mother,1.0,2.0,0.0,0,yes,,no,yes,yes,yes,yes,5.0,3,1.0,1.0,4.0,5.0,2.0,11,11,12
43,GP,M,15.0,U,GT3,T,2.0,2.0,services,services,course,father,1.0,1.0,0.0,yes,yes,no,no,yes,yes,yes,no,5.0,4,1.0,1.0,1.0,1.0,0.0,9,10,10
254,GP,F,18.0,U,LE3,T,2.0,2.0,at_home,services,course,mother,1.0,2.0,1.0,no,yes,no,no,no,yes,yes,yes,5.0,3,1.0,1.0,1.0,5.0,16.0,9,8,10
93,GP,F,16.0,U,GT3,T,4.0,2.0,teacher,services,home,mother,2.0,2.0,0.0,no,yes,no,yes,yes,yes,yes,no,5.0,3,3.0,1.0,1.0,1.0,2.0,13,14,14
21,GP,M,15.0,U,GT3,T,4.0,4.0,health,health,other,father,1.0,1.0,0.0,no,yes,yes,no,yes,yes,yes,no,5.0,4,2.0,1.0,1.0,5.0,0.0,11,12,12
359,GP,F,17.0,R,GT3,T,3.0,4.0,at_home,services,course,father,1.0,3.0,0.0,no,yes,no,yes,no,yes,yes,no,4.0,3,4.0,2.0,5.0,5.0,2.0,15,15,17
397,GP,F,17.0,U,GT3,A,2.0,2.0,at_home,at_home,home,father,1.0,2.0,0.0,no,yes,no,no,yes,yes,yes,yes,3.0,3,1.0,1.0,2.0,4.0,18.0,10,12,14
7,GP,F,17.0,U,GT3,A,4.0,4.0,other,teacher,home,mother,2.0,2.0,0.0,yes,yes,no,no,yes,yes,no,no,4.0,1,4.0,1.0,1.0,1.0,2.0,10,13,13
602,MS,F,18.0,U,LE3,T,2.0,2.0,services,services,course,father,2.0,3.0,0.0,no,no,no,no,yes,yes,yes,yes,5.0,4,5.0,1.0,4.0,3.0,0.0,11,12,13
467,MS,F,16.0,R,GT3,T,2.0,2.0,other,services,course,father,3.0,2.0,0.0,no,yes,no,yes,yes,yes,yes,no,5.0,3,4.0,1.0,1.0,2.0,1.0,14,13,14
303,GP,F,17.0,U,GT3,T,3.0,3.0,other,other,home,mother,1.0,3.0,0.0,no,no,no,yes,no,yes,no,no,3.0,2,3.0,1.0,1.0,4.0,2.0,15,12,13
304,GP,F,18.0,U,GT3,T,2.0,2.0,at_home,services,home,mother,1.0,3.0,0.0,no,yes,no,yes,yes,yes,yes,yes,4.0,3,3.0,1.0,1.0,3.0,0.0,11,12,13
477,MS,M,15.0,U,GT3,T,3.0,3.0,services,services,course,father,2.0,1.0,0.0,no,yes,no,yes,no,yes,yes,no,4.0,3,3.0,2.0,4.0,3.0,11.0,12,10,11
424,MS,F,16.0,R,GT3,T,2.0,2.0,other,other,course,mother,2.0,2.0,0.0,no,yes,no,yes,yes,yes,yes,no,4.0,4,4.0,1.0,1.0,5.0,0.0,12,12,12
252,GP,F,16.0,U,GT3,A,4.0,,other,other,home,mother,1.0,2.0,0.0,0,no,no,yes,yes,yes,yes,yes,5.0,3,3.0,1.0,2.0,5.0,0.0,14,13,13
62,GP,F,16.0,U,LE3,T,1.0,2.0,other,services,reputation,father,1.0,2.0,0.0,yes,no,no,yes,yes,yes,yes,no,4.0,4,3.0,1.0,1.0,1.0,0.0,13,13,10
402,GP,F,17.0,U,GT3,T,4.0,3.0,health,other,reputation,mother,1.0,3.0,0.0,no,yes,no,yes,yes,yes,yes,yes,4.0,4,3.0,1.0,3.0,4.0,0.0,11,12,13
139,GP,F,15.0,U,GT3,T,4.0,4.0,services,at_home,course,mother,1.0,3.0,0.0,no,yes,no,yes,yes,yes,yes,yes,4.0,3,3.0,1.0,1.0,5.0,4.0,13,14,15
425,MS,F,15.0,R,GT3,T,1.0,1.0,at_home,services,other,mother,1.0,1.0,1.0,no,yes,no,no,yes,yes,no,yes,4.0,1,3.0,1.0,1.0,2.0,6.0,10,10,10
492,MS,F,16.0,R,GT3,A,2.0,2.0,health,other,course,mother,1.0,2.0,0.0,no,no,no,no,no,yes,no,yes,3.0,3,2.0,1.0,1.0,3.0,2.0,8,10,10
146,GP,M,16.0,U,LE3,T,1.0,1.0,services,other,course,mother,1.0,2.0,2.0,no,no,no,no,yes,yes,no,1,,4,4.0,1.0,3.0,5.0,0.0,10,10,10
161,GP,M,16.0,U,GT3,T,4.0,4.0,teacher,teacher,course,mother,1.0,1.0,0.0,no,yes,no,no,yes,no,yes,yes,3.0,3,2.0,2.0,1.0,5.0,16.0,9,9,8
150,GP,F,15.0,U,GT3,A,3.0,3.0,services,services,home,mother,1.0,2.0,0.0,no,no,no,no,no,yes,no,yes,1.0,3,2.0,2.0,3.0,1.0,24.0,9,8,9
107,GP,M,16.0,U,GT3,T,3.0,3.0,services,other,home,father,1.0,3.0,0.0,no,yes,no,yes,yes,yes,yes,no,5.0,3,3.0,1.0,1.0,5.0,4.0,13,14,14
545,MS,M,17.0,U,GT3,T,3.0,4.0,services,other,other,mother,1.0,2.0,1.0,no,yes,no,yes,no,yes,yes,yes,5.0,4,4.0,3.0,4.0,5.0,8.0,8,9,8
23,GP,M,16.0,U,LE3,T,2.0,2.0,other,other,reputation,mother,2.0,2.0,0.0,no,yes,no,yes,yes,yes,yes,no,5.0,4,4.0,2.0,4.0,5.0,2.0,10,10,10
157,GP,F,15.0,U,LE3,A,2.0,1.0,at_home,other,home,mother,2.0,1.0,0.0,no,yes,no,yes,yes,no,yes,yes,4.0,4,2.0,1.0,1.0,5.0,0.0,11,10,10
419,GP,M,19.0,U,GT3,T,2.0,1.0,other,other,reputation,mother,1.0,1.0,0.0,no,no,no,no,yes,yes,yes,no,5.0,3,4.0,1.0,4.0,4.0,10.0,7,11,11
144,GP,F,16.0,R,GT3,T,1.0,1.0,other,services,reputation,mother,2.0,1.0,0.0,no,yes,no,yes,yes,yes,no,yes,3.0,3,3.0,1.0,2.0,1.0,8.0,12,11,11
609,MS,F,18.0,U,GT3,T,1.0,2.0,at_home,at_home,course,father,2.0,2.0,0.0,no,yes,no,no,yes,no,no,no,4.0,1,1.0,1.0,1.0,4.0,0.0,11,11,12
295,GP,M,19.0,U,LE3,A,4.0,3.0,services,at_home,reputation,mother,1.0,2.0,0.0,no,yes,no,no,yes,yes,yes,no,4.0,3,1.0,1.0,1.0,1.0,4.0,11,13,14
351,GP,M,20.0,U,GT3,A,3.0,2.0,services,other,course,other,1.0,1.0,2.0,no,no,no,yes,yes,yes,no,no,5.0,5,3.0,1.0,1.0,5.0,0.0,14,15,15
205,GP,F,17.0,U,GT3,T,1.0,1.0,at_home,services,course,mother,1.0,2.0,0.0,no,no,no,yes,yes,yes,yes,no,5.0,3,3.0,1.0,1.0,3.0,0.0,12,11,12
119,GP,M,15.0,U,GT3,T,3.0,4.0,other,other,reputation,father,1.0,1.0,0.0,no,no,no,no,yes,yes,yes,no,3.0,4,3.0,1.0,2.0,4.0,2.0,14,13,14
364,GP,F,17.0,U,GT3,T,4.0,4.0,health,health,course,mother,1.0,1.0,0.0,no,no,no,yes,yes,yes,yes,no,5.0,3,4.0,1.0,2.0,5.0,2.0,14,15,17
299,GP,F,20.0,R,GT3,T,2.0,1.0,other,other,course,other,2.0,2.0,0.0,no,yes,yes,yes,yes,no,yes,yes,1.0,2,3.0,1.0,2.0,2.0,8.0,10,12,12
17,GP,F,16.0,U,GT3,T,3.0,3.0,other,other,reputation,mother,3.0,2.0,0.0,yes,yes,no,yes,yes,yes,no,no,5.0,3,2.0,1.0,1.0,4.0,2.0,13,14,14
88,GP,M,16.0,U,GT3,T,2.0,2.0,services,other,reputation,father,2.0,2.0,0.0,no,no,no,yes,no,yes,yes,no,4.0,4,2.0,1.0,1.0,3.0,6.0,12,10,11
200,GP,M,16.0,U,GT3,T,1.0,2.0,services,services,other,mother,1.0,1.0,0.0,no,yes,no,yes,yes,yes,yes,yes,3.0,3,3.0,1.0,2.0,3.0,0.0,10,9,11
142,GP,M,18.0,U,LE3,T,3.0,1.0,services,services,course,mother,2.0,1.0,0.0,no,não,no,,yes,yes,yes,yes,3.0,3,4.0,4.0,5.0,4.0,2.0,11,11,12
54,GP,F,15.0,U,LE3,A,3.0,3.0,other,other,other,mother,1.0,1.0,0.0,no,no,no,no,yes,yes,yes,no,5.0,3,4.0,4.0,4.0,1.0,0.0,13,12,13
349,GP,F,17.0,U,GT3,T,3.0,2.0,health,health,reputation,father,1.0,4.0,0.0,no,yes,no,yes,no,yes,yes,no,5.0,2,2.0,1.0,2.0,5.0,0.0,18,18,18
353,GP,F,18.0,U,GT3,T,1.0,4.0,other,teacher,home,mother,1.0,2.0,0.0,yes,yes,no,no,no,yes,no,yes,3.0,4,4.0,1.0,2.0,5.0,2.0,10,10,11
179,GP,M,17.0,U,GT3,T,3.0,2.0,services,services,course,mother,2.0,1.0,3.0,no,yes,no,yes,no,no,no,no,4.0,5,2.0,1.0,1.0,2.0,10.0,8,7,8
95,GP,F,15.0,R,GT3,T,1.0,1.0,at_home,other,home,mother,2.0,4.0,0.0,yes,yes,yes,yes,yes,yes,sim,,3.0,1,2.0,1.0,1.0,1.0,4.0,13,13,13
427,MS,F,16.0,R,GT3,T,2.0,3.0,at_home,services,course,mother,2.0,2.0,0.0,no,no,no,no,yes,yes,no,no,4.0,5,2.0,1.0,2.0,5.0,0.0,16,17,17
453,MS,F,16.0,U,GT3,T,1.0,2.0,other,services,course,mother,1.0,3.0,1.0,no,yes,no,no,yes,yes,no,no,1.0,3,2.0,1.0,2.0,4.0,0.0,10,8,8
268,GP,M,17.0,R,LE3,A,4.0,4.0,teacher,other,course,mother,2.0,2.0,0.0,no,yes,no,no,yes,yes,yes,no,3.0,3,3.0,2.0,3.0,4.0,0.0,12,12,12
382,GP,F,17.0,U,GT3,T,3.0,3.0,at_home,other,course,mother,1.0,1.0,0.0,no,yes,yes,yes,yes,yes,yes,no,4.0,2,5.0,2.0,5.0,5.0,2.0,11,12,11
164,GP,M,16.0,U,LE3,T,2.0,1.0,at_home,other,course,mother,1.0,1.0,1.0,no,no,no,yes,yes,yes,no,yes,4.0,4,4.0,3.0,5.0,5.0,6.0,9,10,10
636,MS,M,18.0,U,GT3,T,4.0,4.0,teacher,teacher,home,father,1.0,2.0,0.0,no,no,no,yes,no,yes,yes,no,3.0,2,4.0,1.0,4.0,2.0,4.0,17,18,19
242,GP,M,18.0,U,LE3,T,2.0,1.0,at_home,other,course,mother,4.0,2.0,0.0,yes,yes,no,yes,yes,yes,yes,yes,4.0,3,2.0,4.0,5.0,3.0,2.0,9,10,11
525,MS,M,17.0,U,LE3,T,4.0,4.0,other,services,home,mother,1.0,3.0,0.0,no,yes,no,no,yes,yes,yes,no,4.0,4,3.0,1.0,2.0,5.0,0.0,15,14,16
177,GP,M,16.0,U,GT3,T,1.0,3.0,at_home,services,course,father,1.0,1.0,1.0,no,no,no,no,yes,no,yes,no,5.0,3,3.0,1.0,4.0,2.0,2.0,9,8,8
286,GP,M,17.0,R,GT3,T,2.0,1.0,other,other,course,mother,1.0,1.0,0.0,no,no,no,no,no,yes,yes,no,4.0,4,2.0,2.0,4.0,5.0,0.0,12,12,13
392,GP,F,17.0,U,GT3,T,3.0,2.0,other,other,home,mother,1.0,2.0,0.0,no,yes,no,no,yes,yes,yes,yes,4.0,3,2.0,2.0,3.0,2.0,0.0,12,13,15
52,GP,M,15.0,U,LE3,A,4.0,2.0,health,health,other,father,2.0,1.0,0.0,no,no,no,no,yes,yes,no,no,5.0,5,5.0,3.0,4.0,5.0,4.0,10,9,9
344,GP,M,18.0,U,LE3,T,4.0,4.0,teacher,teacher,home,mother,1.0,1.0,0.0,não,yes,no,no,yes,yes,yes,yes,1.0,4,2.0,,2.0,1.0,0.0,18,18,17
75,GP,M,15.0,U,GT3,T,4.0,3.0,teacher,other,home,mother,1.0,2.0,0.0,no,yes,no,yes,yes,yes,yes,no,4.0,3,3.0,2.0,3.0,5.0,0.0,11,11,11
390,GP,F,18.0,R,GT3,T,2.0,2.0,at_home,other,course,mother,2.0,4.0,0.0,no,no,no,yes,yes,yes,no,no,4.0,4,4.0,1.0,1.0,4.0,6.0,14,13,14
65,GP,F,16.0,U,LE3,T,4.0,3.0,teacher,services,course,mother,3.0,2.0,0.0,no,yes,no,yes,yes,yes,yes,no,5.0,4,3.0,1.0,2.0,1.0,2.0,16,15,16
152,GP,M,16.0,U,LE3,T,2.0,2.0,services,services,reputation,father,2.0,1.0,0.0,no,yes,no,yes,yes,yes,yes,no,2.0,3,3.0,2.0,2.0,2.0,4.0,12,11,11
352,GP,M,19.0,R,GT3,T,3.0,3.0,other,services,reputation,,1.0,2.0,0.0,no,no,no,yes,sim,yes,no,yes,4.0,5,3.0,1.0,2.0,5.0,0.0,10,10,11
187,GP,F,16.0,U,GT3,T,1.0,3.0,at_home,services,home,mother,1.0,2.0,0.0,no,no,no,yes,no,yes,yes,yes,4.0,3,5.0,1.0,1.0,3.0,0.0,14,13,13
422,GP,F,18.0,U,GT3,T,3.0,2.0,services,other,home,mother,1.0,2.0,0.0,no,yes,no,yes,no,yes,yes,yes,3.0,1,2.0,1.0,2.0,1.0,4.0,10,13,13
216,GP,F,17.0,U,,T,1.0,1.0,other,other,course,mother,1.0,2.0,0.0,no,1,no,no,no,yes,no,no,4.0,4,4.0,1.0,3.0,1.0,0.0,14,15,15
272,GP,M,17.0,R,GT3,T,1.0,1.0,other,other,home,father,2.0,3.0,0.0,no,no,no,no,no,yes,yes,yes,4.0,3,3.0,1.0,1.0,1.0,2.0,13,14,15
583,MS,F,18.0,R,GT3,T,2.0,2.0,other,other,other,mother,2.0,1.0,1.0,no,no,no,no,yes,no,yes,yes,5.0,5,5.0,1.0,1.0,3.0,0.0,8,6,0
127,GP,F,19.0,U,GT3,T,0.0,1.0,at_home,other,course,other,1.0,2.0,2.0,no,sim,no,no,no,no,no,no,3.0,4,,1.0,1.0,5.0,0.0,9,10,11
415,GP,F,19.0,U,GT3,T,4.0,4.0,teacher,other,home,other,1.0,1.0,1.0,no,yes,no,no,yes,yes,yes,yes,3.0,2,5.0,4.0,4.0,5.0,5.0,9,10,11
553,MS,M,17.0,U,LE3,A,1.0,0.0,other,other,home,mother,1.0,1.0,0.0,no,no,no,no,yes,yes,no,yes,4.0,1,2.0,1.0,1.0,5.0,4.0,11,11,12
254,GP,F,18.0,U,LE3,T,2.0,2.0,at_home,services,course,mother,1.0,2.0,1.0,no,yes,no,no,no,yes,yes,yes,5.0,3,1.0,1.0,1.0,5.0,16.0,9,8,10
610,MS,F,19.0,R,GT3,A,1.0,1.0,at_home,at_home,course,other,2.0,2.0,3.0,no,yes,no,yes,yes,no,no,yes,3.0,5,4.0,1.0,4.0,1.0,0.0,8,0,0
323,GP,M,18.0,U,,T,4.0,3.0,teacher,services,course,mother,2.0,1.0,0.0,no,no,no,1,yes,yes,yes,no,4.0,2,3.0,1.0,2.0,1.0,0.0,10,10,10
233,GP,F,17.0,U,GT3,T,2.0,2.0,at_home,at_home,course,,1.0,3.0,0.0,no,yes,no,1,yes,yes,yes,no,4.0,3,3.0,1.0,1.0,4.0,0.0,12,12,13
228,GP,F,17.0,R,LE3,T,,4.0,services,other,other,mother,1.0,1.0,0.0,no,yes,no,no,yes,yes,no,não,5.0,2,1.0,1.0,2.0,3.0,6.0,12,11,11
435,MS,F,15.0,R,LE3,T,1.0,1.0,at_home,services,reputation,father,2.0,2.0,0.0,no,yes,no,no,yes,yes,yes,no,5.0,4,3.0,1.0,2.0,4.0,0.0,10,10,10
447,MS,M,17.0,R,GT3,T,2.0,1.0,other,other,other,mother,3.0,1.0,0.0,no,no,no,yes,yes,no,no,yes,5.0,5,5.0,5.0,5.0,3.0,8.0,8,10,9
231,GP,M,18.0,U,LE3,T,3.0,3.0,services,health,home,father,1.0,2.0,0.0,no,yes,no,no,yes,yes,yes,no,3.0,2,4.0,2.0,4.0,4.0,10.0,10,10,10
449,MS,F,15.0,R,GT3,T,1.0,2.0,other,services,course,mother,2.0,1.0,0.0,no,no,no,no,yes,yes,no,no,5.0,1,2.0,1.0,1.0,1.0,3.0,11,13,13
165,GP,F,15.0,R,GT3,T,3.0,3.0,services,services,reputation,other,2.0,3.0,0.0,no,yes,yes,yes,yes,yes,yes,yes,4.0,2,1.0,2.0,3.0,3.0,2.0,13,13,13
180,GP,M,16.0,U,GT3,T,2.0,2.0,other,other,course,father,1.0,2.0,0.0,no,no,no,no,yes,no,yes,no,4.0,3,5.0,2.0,4.0,4.0,0.0,9,10,11
626,MS,F,18.0,R,GT3,T,4.0,4.0,other,teacher,other,father,3.0,2.0,0.0,no,yes,no,no,no,yes,yes,yes,3.0,2,2.0,4.0,2.0,5.0,0.0,7,5,0
296,GP,M,18.0,U,GT3,T,2.0,1.0,other,other,home,mother,1.0,2.0,0.0,no,no,no,yes,1,yes,yes,no,5.0,2,4.0,1.0,2.0,,2.0,16,16,16
486,MS,F,16.0,U,GT3,T,2.0,2.0,other,services,course,father,1.0,1.0,1.0,no,yes,yes,yes,no,yes,yes,no,4.0,4,3.0,1.0,4.0,3.0,1.0,9,10,10
546,MS,F,17.0,U,GT3,T,4.0,4.0,health,health,course,father,1.0,2.0,0.0,0,yes,,no,yes,yes,yes,no,5.0,2,5.0,1.0,1.0,5.0,0.0,13,15,16
461,MS,F,16.0,R,GT3,T,1.0,1.0,at_home,other,other,mother,2.0,1.0,0.0,no,no,no,yes,yes,yes,yes,yes,4.0,2,2.0,4.0,3.0,2.0,0.0,13,12,14
89,GP,M,16.0,U,LE3,A,4.0,4.0,teacher,health,reputation,mother,1.0,2.0,0.0,no,yes,não,no,yes,yes,no,no,4.0,1,3.0,,5.0,5.0,6.0,9,9,10
260,GP,F,16.0,U,GT3,T,1.0,2.0,other,other,course,mother,1.0,1.0,0.0,no,no,no,no,yes,no,yes,no,5.0,3,5.0,1.0,2.0,5.0,4.0,12,11,11
343,GP,F,18.0,U,GT3,T,4.0,3.0,other,other,reputation,father,1.0,4.0,0.0,no,yes,no,no,yes,yes,yes,no,4.0,3,3.0,1.0,1.0,3.0,0.0,16,17,17
517,MS,F,16.0,R,LE3,T,1.0,2.0,other,other,reputation,mother,2.0,1.0,0.0,não,no,no,yes,yes,yes,yes,no,,4,5.0,1.0,4.0,2.0,0.0,14,14,15
396,GP,M,18.0,U,LE3,T,3.0,4.0,services,other,home,mother,1.0,2.0,0.0,no,no,no,yes,yes,yes,yes,yes,4.0,3,3.0,1.0,3.0,5.0,6.0,16,16,17
6,GP,M,16.0,U,LE3,T,2.0,2.0,other,other,home,mother,1.0,2.0,0.0,no,no,não,no,yes,yes,yes,no,4.0,4,4.0,1.0,1.0,3.0,,13,12,13
540,MS,F,17.0,U,GT3,T,3.0,2.0,at_home,other,home,mother,2.0,1.0,0.0,no,no,no,no,yes,yes,no,yes,4.0,3,3.0,2.0,2.0,1.0,5.0,9,11,11
64,GP,F,15.0,U,LE3,T,4.0,3.0,services,services,reputation,father,1.0,2.0,0.0,yes,no,no,yes,yes,yes,yes,yes,4.0,4,4.0,2.0,4.0,2.0,0.0,13,12,12
82,GP,F,15.0,U,LE3,T,3.0,2.0,services,other,reputation,mother,1.0,2.0,0.0,no,yes,no,no,yes,yes,yes,no,4.0,4,4.0,1.0,1.0,5.0,4.0,12,11,11
488,MS,F,19.0,U,GT3,T,1.0,1.0,at_home,services,course,mother,1.0,3.0,1.0,no,no,no,yes,yes,no,no,yes,5.0,3,1.0,1.0,1.0,3.0,6.0,7,9,9
614,MS,F,17.0,R,GT3,T,4.0,4.0,teacher,services,other,father,2.0,2.0,0.0,no,yes,yes,yes,yes,yes,yes,no,4.0,3,3.0,1.0,2.0,5.0,2.0,12,12,12
592,MS,F,17.0,U,GT3,T,3.0,3.0,services,services,course,mother,2.0,1.0,0.0,no,yes,no,no,yes,yes,yes,no,4.0,4,3.0,1.0,1.0,4.0,0.0,11,12,13
248,GP,M,16.0,U,LE3,T,1.0,1.0,other,other,home,mother,2.0,2.0,0.0,no,yes,no,no,yes,yes,yes,no,3.0,4,2.0,1.0,1.0,5.0,2.0,9,9,9
437,MS,F,16.0,R,GT3,T,0.0,2.0,other,other,other,mother,2.0,1.0,0.0,no,yes,no,yes,yes,yes,no,no,3.0,2,3.0,1.0,2.0,2.0,0.0,12,11,12
550,MS,M,16.0,U,LE3,A,2.0,2.0,other,services,course,father,2.0,2.0,0.0,no,yes,no,no,no,yes,yes,yes,4.0,1,2.0,2.0,2.0,5.0,0.0,12,13,13
504,MS,F,19.0,U,LE3,T,2.0,2.0,other,other,home,mother,1.0,3.0,0.0,no,no,no,no,yes,yes,yes,yes,5.0,4,5.0,1.0,1.0,1.0,0.0,12,13,13
629,MS,F,17.0,R,GT3,T,1.0,2.0,other,other,course,mother,1.0,1.0,0.0,no,no,no,yes,yes,yes,yes,no,3.0,5,5.0,1.0,3.0,1.0,4.0,7,8,9
281,GP,M,16.0,U,GT3,T,0.0,2.0,other,other,other,mother,1.0,,0.0,no,no,no,não,no,yes,yes,no,4.0,3,2.0,2.0,4.0,5.0,0.0,11,12,11
518,MS,F,18.0,U,GT3,A,2.0,4.0,other,services,reputation,father,1.0,2.0,1.0,no,yes,no,no,yes,yes,yes,no,2.0,3,2.0,1.0,3.0,1.0,8.0,8,5,8
316,GP,F,17.0,U,GT3,T,2.0,4.0,at_home,health,reputation,mother,2.0,2.0,0.0,no,yes,no,no,yes,yes,yes,yes,4.0,3,3.0,1.0,1.0,1.0,6.0,15,16,16
269,GP,M,16.0,U,LE3,T,4.0,3.0,teacher,other,course,mother,1.0,1.0,0.0,no,no,no,,no,1,yes,no,5.0,4,5.0,1.0,1.0,3.0,7.0,14,14,15
42,GP,M,15.0,U,GT3,T,4.0,4.0,services,teacher,course,father,1.0,2.0,0.0,no,yes,no,yes,yes,yes,yes,no,4.0,3,3.0,1.0,1.0,5.0,0.0,14,15,15
543,MS,M,17.0,R,GT3,T,4.0,4.0,health,other,course,father,3.0,1.0,3.0,no,no,no,yes,yes,yes,yes,yes,3.0,3,3.0,1.0,3.0,5.0,2.0,9,9,8
578,MS,M,17.0,U,GT3,T,3.0,3.0,health,other,course,mother,2.0,2.0,1.0,no,yes,no,no,yes,yes,yes,no,4.0,5,4.0,2.0,3.0,3.0,4.0,8,9,10
247,GP,M,16.0,U,GT3,T,4.0,4.0,health,other,reputation,father,1.0,2.0,0.0,no,yes,no,yes,yes,yes,yes,no,4.0,2,4.0,2.0,4.0,1.0,0.0,13,13,14
499,MS,F,16.0,U,GT3,T,2.0,2.0,services,other,course,mother,1.0,1.0,0.0,no,yes,yes,yes,yes,yes,no,yes,4.0,2,5.0,1.0,2.0,5.0,0.0,17,16,16
172,GP,M,16.0,U,GT3,T,3.0,3.0,other,services,course,father,1.0,2.0,1.0,no,yes,no,no,yes,yes,yes,yes,4.0,5,5.0,4.0,4.0,5.0,0.0,10,10,1
333,GP,F,17.0,U,GT3,T,1.0,1.0,services,teacher,reputation,mother,1.0,3.0,0.0,no,yes,no,no,yes,yes,yes,no,4.0,3,3.0,1.0,1.0,3.0,0.0,13,13,14
566,MS,M,18.0,R,GT3,T,1.0,1.0,services,other,course,other,2.0,1.0,1.0,no,yes,no,no,yes,no,yes,yes,5.0,3,3.0,2.0,3.0,5.0,2.0,9,7,9
371,GP,F,18.0,U,GT3,T,2.0,2.0,other,other,course,mother,1.0,1.0,0.0,no,yes,no,yes,yes,yes,yes,yes,4.0,3,5.0,2.0,4.0,5.0,2.0,10,10,10
256,GP,M,18.0,U,GT3,T,2.0,2.0,other,at_home,course,other,1.0,1.0,1.0,no,yes,no,yes,no,no,yes,yes,4.0,4,3.0,2.0,2.0,1.0,26.0,7,8,8
337,GP,F,17.0,U,GT3,T,4.0,3.0,health,services,reputation,mother,1.0,3.0,0.0,no,yes,no,no,yes,yes,yes,no,4.0,2,2.0,1.0,2.0,3.0,0.0,17,18,18
41,GP,M,15.0,U,LE3,T,4.0,4.0,teacher,other,home,other,1.0,1.0,0.0,no,yes,no,no,no,yes,yes,yes,5.0,4,3.0,2.0,4.0,5.0,8.0,10,11,11
39,GP,F,15.0,R,GT3,T,2.0,2.0,at_home,other,reputation,mother,1.0,1.0,0.0,yes,yes,no,yes,yes,yes,no,no,4.0,3,1.0,1.0,1.0,2.0,8.0,14,13,12
489,MS,M,18.0,R,GT3,T,1.0,1.0,other,other,home,mother,2.0,1.0,1.0,no,no,no,yes,yes,no,yes,no,4.0,4,3.0,3.0,4.0,4.0,0.0,8,9,10
186,GP,M,17.0,U,LE3,T,4.0,4.0,teacher,other,reputation,mother,1.0,2.0,0.0,no,yes,no,yes,yes,yes,yes,no,4.0,4,4.0,1.0,3.0,5.0,0.0,11,9,10
314,GP,M,17.0,R,GT3,T,1.0,2.0,at_home,at_home,home,mother,1.0,2.0,0.0,no,yes,no,yes,no,yes,no,yes,3.0,5,2.0,2.0,2.0,1.0,2.0,16,17,18
459,MS,F,16.0,R,GT3,T,1.0,1.0,at_home,other,other,father,4.0,3.0,0.0,yes,yes,no,,yes,yes,no,não,4.0,4,3.0,1.0,1.0,5.0,2.0,10,9,10
579,MS,M,18.0,U,LE3,T,1.0,3.0,at_home,services,course,mother,1.0,1.0,0.0,no,no,no,no,yes,no,yes,yes,4.0,3,3.0,2.0,3.0,3.0,0.0,9,10,9
644,MS,F,19.0,R,GT3,T,2.0,3.0,services,other,course,mother,1.0,3.0,1.0,no,no,no,yes,no,yes,yes,no,5.0,4,2.0,1.0,2.0,5.0,4.0,10,11,10
83,GP,M,15.0,U,LE3,T,2.0,2.0,services,services,home,mother,2.0,2.0,0.0,no,no,yes,yes,yes,yes,yes,no,5.0,3,3.0,1.0,3.0,4.0,2.0,13,12,13
126,GP,F,15.0,U,LE3,A,3.0,4.0,other,other,home,mother,1.0,2.0,0.0,yes,no,no,yes,yes,yes,yes,yes,5.0,3,2.0,1.0,1.0,1.0,0.0,10,11,11
361,GP,M,19.0,U,GT3,T,4.0,2.0,health,other,course,mother,2.0,2.0,0.0,no,yes,no,yes,yes,yes,yes,yes,5.0,4,4.0,1.0,1.0,1.0,9.0,11,10,10
279,GP,M,22.0,U,GT3,T,3.0,1.0,services,services,other,mother,1.0,1.0,3.0,no,no,no,no,no,no,yes,yes,5.0,4,5.0,5.0,5.0,1.0,12.0,7,8,5
81,GP,M,15.0,U,GT3,T,2.0,3.0,other,other,home,mother,1.0,3.0,0.0,yes,no,no,no,no,yes,1,,5.0,3,2.0,1.0,2.0,5.0,2.0,10,9,9
298,GP,F,17.0,U,LE3,T,2.0,2.0,services,services,course,father,1.0,4.0,0.0,no,no,no,yes,yes,yes,yes,yes,3.0,4,1.0,1.0,1.0,2.0,2.0,10,11,12
138,GP,M,15.0,R,GT3,T,3.0,4.0,at_home,teacher,course,mother,4.0,2.0,0.0,no,yes,no,no,yes,yes,no,yes,5.0,3,3.0,1.0,1.0,5.0,2.0,12,11,11
227,GP,M,18.0,U,GT3,T,2.0,2.0,services,other,home,mother,1.0,2.0,0.0,no,yes,no,yes,yes,yes,yes,no,4.0,4,4.0,2.0,4.0,5.0,10.0,12,11,11
284,GP,M,18.0,U,GT3,T,2.0,1.0,services,services,other,mother,1.0,1.0,2.0,no,no,no,no,,no,yes,no,3.0,2,5.0,2.0,5.0,5.0,4.0,7,8,6
577,MS,M,19.0,R,GT3,T,1.0,1.0,other,services,home,other,3.0,2.0,1.0,no,no,no,no,yes,yes,yes,no,5.0,4,4.0,3.0,3.0,2.0,8.0,10,9,11
124,GP,F,16.0,U,GT3,T,2.0,2.0,other,other,home,mother,1.0,2.0,0.0,no,no,no,no,yes,yes,yes,yes,5.0,4,4.0,1.0,1.0,5.0,0.0,12,11,11
125,GP,M,15.0,U,GT3,T,3.0,4.0,services,services,home,father,1.0,1.0,0.0,yes,no,no,no,yes,yes,yes,no,5.0,5,5.0,3.0,2.0,5.0,2.0,9,9,9
202,GP,F,17.0,U,GT3,A,3.0,3.0,health,other,reputation,mother,1.0,2.0,0.0,no,yes,no,no,no,yes,yes,yes,3.0,3,3.0,1.0,3.0,3.0,10.0,12,13,14
410,GP,F,17.0,U,GT3,T,2.0,2.0,services,services,reputation,mother,1.0,2.0,0.0,no,yes,no,yes,yes,yes,yes,0,4.0,3,,1.0,3.0,4.0,0.0,13,17,17
80,GP,M,15.0,U,GT3,T,2.0,3.0,other,services,,father,1.0,1.0,0.0,yes,sim,no,yes,no,yes,yes,yes,3.0,2,2.0,1.0,3.0,3.0,0.0,11,11,12
336,GP,M,18.0,U,GT3,T,4.0,2.0,teacher,other,home,mother,1.0,2.0,0.0,no,yes,no,yes,yes,yes,yes,yes,4.0,3,2.0,1.0,4.0,5.0,2.0,15,16,16
608,MS,F,18.0,U,LE3,A,1.0,1.0,at_home,services,course,mother,1.0,2.0,0.0,no,no,no,no,yes,yes,no,yes,5.0,2,3.0,1.0,2.0,3.0,2.0,8,10,11
354,GP,F,18.0,U,GT3,T,2.0,1.0,services,other,course,mother,2.0,2.0,0.0,no,yes,no,yes,yes,yes,yes,no,5.0,3,3.0,1.0,2.0,1.0,2.0,12,12,15
61,GP,F,16.0,U,GT3,T,1.0,1.0,services,services,course,father,4.0,1.0,0.0,yes,yes,no,yes,no,yes,yes,yes,5.0,5,5.0,5.0,5.0,5.0,0.0,10,10,16
476,MS,F,16.0,R,LE3,T,2.0,1.0,other,other,home,mother,1.0,1.0,0.0,no,yes,no,no,yes,yes,yes,yes,5.0,4,3.0,1.0,1.0,5.0,2.0,10,8,8
16,GP,F,16.0,U,GT3,T,4.0,4.0,services,services,reputation,mother,1.0,3.0,0.0,no,yes,no,yes,yes,yes,yes,no,3.0,2,3.0,1.0,2.0,2.0,10.0,13,13,14
221,GP,F,16.0,U,GT3,T,4.0,3.0,teacher,other,other,mother,1.0,2.0,0.0,no,no,no,yes,yes,yes,yes,yes,1.0,3,2.0,1.0,1.0,1.0,4.0,14,15,15
181,GP,F,16.0,U,GT3,T,4.0,2.0,health,services,home,father,1.0,2.0,0.0,no,no,no,no,yes,yes,yes,yes,4.0,2,3.0,1.0,1.0,3.0,0.0,17,17,18
611,MS,F,18.0,R,GT3,T,2.0,2.0,,other,home,mother,2.0,3.0,0.0,no,no,no,no,yes,yes,yes,1,4.0,2,1.0,1.0,1.0,4.0,5.0,14,14,15
259,GP,F,17.0,U,LE3,T,1.0,1.0,at_home,at_home,course,mother,1.0,3.0,0.0,no,yes,no,yes,yes,yes,yes,yes,4.0,3,2.0,1.0,2.0,4.0,10.0,11,10,10
489,MS,M,18.0,R,GT3,T,1.0,1.0,other,other,home,mother,2.0,1.0,1.0,no,no,no,yes,yes,no,yes,no,4.0,4,3.0,3.0,4.0,4.0,0.0,8,9,10
209,GP,F,17.0,U,LE3,T,2.0,4.0,services,services,course,father,1.0,2.0,0.0,no,no,no,yes,yes,yes,yes,yes,4.0,3,2.0,1.0,1.0,5.0,8.0,14,15,16
365,GP,F,17.0,U,GT3,A,4.0,3.0,services,services,course,mother,1.0,2.0,0.0,no,yes,no,no,yes,yes,yes,yes,5.0,2,2.0,1.0,2.0,5.0,14.0,15,14,17
122,GP,F,16.0,U,LE3,T,2.0,4.0,other,health,course,father,2.0,2.0,0.0,no,yes,no,yes,yes,yes,yes,yes,4.0,2,2.0,1.0,2.0,5.0,2.0,14,12,13
196,GP,F,17.0,U,GT3,,2.0,4.0,services,services,reputation,father,1.0,2.0,0.0,no,yes,no,yes,1,yes,no,no,5.0,4,2.0,2.0,3.0,5.0,0.0,17,18,17
510,MS,F,17.0,R,GT3,T,2.0,2.0,other,other,reputation,mother,2.0,2.0,0.0,no,yes,no,yes,yes,yes,no,no,5.0,3,2.0,1.0,1.0,1.0,0.0,15,17,17
523,MS,M,18.0,U,LE3,T,4.0,4.0,at_home,health,home,mother,1.0,4.0,0.0,no,yes,no,yes,yes,no,yes,yes,5.0,5,5.0,5.0,5.0,5.0,2.0,5,6,6
10,GP,F,15.0,U,GT3,T,4.0,4.0,teacher,health,reputation,mother,1.0,2.0,0.0,no,yes,no,no,yes,yes,yes,no,3.0,3,3.0,1.0,2.0,2.0,2.0,14,14,14
377,GP,M,18.0,U,GT3,T,4.0,4.0,other,other,course,mother,1.0,3.0,0.0,no,no,no,yes,yes,yes,yes,no,4.0,3,3.0,2.0,2.0,3.0,0.0,13,14,13
554,MS,F,17.0,R,GT3,T,1.0,1.0,at_home,at_home,course,father,2.0,1.0,0.0,no,yes,no,yes,yes,no,yes,yes,3.0,5,5.0,2.0,2.0,4.0,3.0,10,11,10
91,GP,F,15.0,U,GT3,T,4.0,3.0,services,other,reputation,mother,1.0,1.0,0.0,no,no,no,yes,yes,yes,yes,no,4.0,5,5.0,1.0,3.0,1.0,6.0,14,13,13
612,MS,M,17.0,R,GT3,T,4.0,3.0,services,other,home,mother,2.0,2.0,1.0,no,yes,yes,yes,no,yes,yes,yes,4.0,5,5.0,1.0,3.0,2.0,4.0,10,11,11
22,GP,M,16.0,U,LE3,T,4.0,2.0,teacher,other,course,mother,1.0,2.0,0.0,no,no,no,yes,yes,yes,yes,no,4.0,5,1.0,1.0,3.0,5.0,0.0,12,13,14
417,GP,F,18.0,U,GT3,T,3.0,2.0,at_home,other,reputation,father,1.0,3.0,0.0,no,yes,no,no,yes,yes,yes,yes,4.0,3,4.0,1.0,2.0,2.0,5.0,14,17,17
551,MS,M,17.0,U,GT3,T,3.0,2.0,other,other,,father,2.0,2.0,0.0,no,yes,yes,no,yes,yes,1,no,4.0,1,2.0,2.0,2.0,1.0,0.0,13,14,13
230,GP,F,17.0,U,GT3,T,4.0,3.0,other,other,reputation,mother,1.0,2.0,0.0,no,no,no,no,yes,yes,yes,yes,3.0,4,5.0,2.0,4.0,1.0,16.0,11,9,10
121,GP,M,15.0,U,GT3,T,2.0,2.0,services,services,home,father,1.0,4.0,0.0,no,yes,no,yes,yes,yes,yes,no,5.0,5,4.0,1.0,2.0,5.0,6.0,14,13,13
97,GP,F,16.0,U,GT3,T,2.0,1.0,other,other,course,mother,1.0,2.0,0.0,no,yes,no,no,yes,yes,no,yes,4.0,3,5.0,1.0,1.0,5.0,0.0,13,12,12
235,GP,F,17.0,U,GT3,T,1.0,1.0,at_home,other,reputation,mother,1.0,3.0,0.0,no,yes,no,yes,yes,yes,no,yes,4.0,3,4.0,1.0,1.0,5.0,12.0,12,12,12
166,GP,M,19.0,U,GT3,T,3.0,,services,at_home,home,mother,1.0,1.0,0.0,no,1,no,no,yes,no,yes,yes,4.0,5,4.0,1.0,1.0,4.0,6.0,11,9,11
171,GP,M,16.0,R,GT3,T,2.0,2.0,at_home,other,course,mother,3.0,1.0,0.0,no,no,no,no,no,yes,no,no,4.0,2,2.0,1.0,2.0,3.0,4.0,12,10,11
76,GP,M,15.0,U,GT3,T,4.0,0.0,teacher,other,course,mother,2.0,4.0,0.0,no,no,no,yes,yes,yes,yes,no,3.0,4,3.0,1.0,1.0,1.0,0.0,12,11,11
174,GP,M,17.0,R,LE3,T,2.0,1.0,at_home,other,course,mother,2.0,1.0,1.0,no,no,yes,yes,yes,no,yes,yes,3.0,3,2.0,2.0,2.0,5.0,8.0,8,8,9
627,MS,M,18.0,R,LE3,T,1.0,2.0,at_home,services,other,father,3.0,1.0,0.0,no,yes,no,yes,yes,no,yes,yes,4.0,3,3.0,2.0,3.0,3.0,3.0,9,10,10
385,GP,F,18.0,U,GT3,T,2.0,2.0,at_home,other,course,mother,4.0,2.0,0.0,no,no,no,yes,yes,yes,no,yes,4.0,2,5.0,1.0,1.0,2.0,2.0,10,9,10
301,GP,M,18.0,U,GT3,T,4.0,3.0,teacher,other,course,mother,1.0,2.0,0.0,no,yes,no,no,no,yes,yes,no,4.0,3,2.0,1.0,1.0,3.0,2.0,10,10,11
338,GP,F,17.0,R,LE3,T,3.0,1.0,services,other,reputation,mother,2.0,4.0,0.0,no,yes,no,no,yes,yes,no,no,3.0,1,2.0,1.0,1.0,3.0,0.0,18,19,19
395,GP,M,18.0,U,GT3,T,4.0,4.0,teacher,services,home,father,1.0,2.0,0.0,no,yes,no,yes,yes,yes,yes,no,4.0,3,3.0,2.0,2.0,2.0,0.0,12,12,13
244,GP,F,17.0,U,LE3,T,4.0,3.0,health,other,reputation,father,1.0,2.0,0.0,no,no,no,yes,yes,yes,yes,yes,3.0,2,3.0,1.0,2.0,3.0,0.0,14,12,12
141,GP,F,16.0,R,GT3,T,1.0,1.0,at_home,other,course,mother,4.0,2.0,0.0,no,yes,no,no,yes,yes,no,no,5.0,1,3.0,1.0,1.0,3.0,0.0,14,13,13
162,GP,M,15.0,U,LE3,A,2.0,1.0,services,other,course,mother,4.0,1.0,0.0,no,no,no,no,yes,yes,yes,no,4.0,5,5.0,2.0,5.0,5.0,0.0,12,11,11
123,GP,M,16.0,U,GT3,T,4.0,4.0,health,other,course,mother,1.0,1.0,0.0,no,yes,no,yes,yes,yes,yes,no,3.0,4,4.0,1.0,4.0,5.0,4.0,12,13,13
292,GP,F,17.0,R,GT3,T,4.0,2.0,other,other,course,mother,1.0,3.0,0.0,no,yes,no,yes,yes,yes,yes,no,4.0,3,4.0,1.0,3.0,5.0,2.0,11,12,14
569,MS,M,18.0,U,GT3,T,3.0,3.0,at_home,at_home,course,mother,1.0,2.0,2.0,no,yes,no,yes,yes,no,yes,no,4.0,4,5.0,1.0,3.0,3.0,9.0,4,8,8
474,MS,M,15.0,R,LE3,T,1.0,3.0,at_home,other,reputation,father,3.0,1.0,0.0,no,yes,no,yes,yes,yes,yes,no,4.0,2,4.0,3.0,5.0,3.0,2.0,10,11,11
7,GP,F,17.0,U,GT3,A,4.0,4.0,other,teacher,home,mother,2.0,2.0,0.0,yes,yes,no,no,yes,yes,no,no,4.0,1,4.0,1.0,1.0,1.0,2.0,10,13,13
368,GP,M,18.0,U,LE3,T,4.0,4.0,other,other,reputation,father,1.0,1.0,0.0,no,yes,no,no,yes,yes,yes,no,4.0,2,5.0,3.0,4.0,5.0,2.0,8,9,11
133,GP,F,15.0,U,GT3,T,1.0,1.0,at_home,other,course,mother,3.0,1.0,0.0,no,yes,no,yes,no,yes,yes,yes,4.0,3,3.0,1.0,2.0,4.0,6.0,11,12,13
182,GP,F,16.0,U,GT3,T,2.0,2.0,other,other,home,mother,1.0,2.0,0.0,no,yes,no,no,no,yes,yes,no,5.0,1,5.0,1.0,1.0,4.0,0.0,12,12,13
462,MS,F,15.0,R,GT3,T,1.0,1.0,at_home,at_home,course,father,3.0,2.0,0.0,no,yes,no,no,yes,yes,no,no,4.0,2,1.0,1.0,2.0,2.0,0.0,13,14,14
302,GP,M,18.0,R,GT3,T,3.0,2.0,other,other,course,mother,1.0,3.0,0.0,no,no,no,yes,no,yes,no,no,5.0,3,2.0,1.0,1.0,3.0,2.0,10,11,12
469,MS,M,16.0,U,GT3,T,,4.0,other,teacher,course,father,1.0,2.0,0.0,no,yes,no,yes,yes,yes,0,yes,4.0,3,1.0,1.0,1.0,3.0,0.0,13,12,13
558,MS,M,17.0,R,,T,2.0,2.0,other,other,course,mother,2.0,1.0,0.0,no,não,no,yes,yes,no,no,yes,5.0,5,5.0,3.0,5.0,5.0,0.0,8,13,10
329,GP,F,17.0,U,GT3,T,2.0,2.0,other,other,course,mother,1.0,2.0,0.0,no,yes,no,no,no,yes,yes,no,5.0,4,5.0,1.0,2.0,5.0,12.0,12,12,14
444,MS,M,16.0,R,GT3,T,3.0,4.0,other,health,other,mother,3.0,2.0,0.0,no,no,no,no,no,yes,no,no,3.0,4,5.0,1.0,2.0,5.0,4.0,9,10,11
648,MS,M,18.0,R,LE3,T,3.0,2.0,services,other,course,mother,3.0,1.0,0.0,no,no,no,no,no,yes,yes,no,4.0,4,1.0,3.0,4.0,5.0,4.0,10,11,11
452,MS,F,16.0,R,GT3,T,2.0,2.0,other,other,course,mother,3.0,2.0,0.0,no,yes,no,no,yes,yes,yes,no,4.0,4,5.0,1.0,1.0,4.0,4.0,9,10,11
278,GP,M,17.0,U,GT3,T,2.0,3.0,other,other,course,father,2.0,1.0,0.0,no,no,no,no,yes,yes,yes,no,5.0,2,2.0,1.0,1.0,2.0,2.0,9,12,13
479,MS,F,17.0,U,GT3,T,2.0,2.0,other,at_home,course,mother,1.0,1.0,0.0,no,yes,no,yes,yes,no,no,no,4.0,5,3.0,1.0,1.0,5.0,4.0,9,9,10
478,MS,F,16.0,R,GT3,T,1.0,1.0,at_home,other,course,father,2.0,2.0,3.0,yes,yes,no,no,yes,yes,no,no,3.0,4,3.0,1.0,1.0,1.0,0.0,7,7,8
130,GP,F,15.0,R,GT3,T,3.0,4.0,services,teacher,course,father,2.0,3.0,0.0,no,yes,no,no,yes,yes,yes,yes,4.0,2,2.0,2.0,2.0,5.0,0.0,10,11,12
559,MS,M,18.0,R,GT3,T,1.0,0.0,at_home,at_home,course,other,3.0,1.0,1.0,yes,yes,no,no,yes,yes,no,no,4.0,3,2.0,1.0,1.0,4.0,0.0,12,12,13
637,MS,M,18.0,R,,T,2.0,1.0,other,other,other,mother,2.0,1.0,0.0,no,no,no,yes,no,yes,yes,1,4.0,4,3.0,1.0,3.0,5.0,0.0,7,7,0
98,GP,F,16.0,U,GT3,T,4.0,4.0,other,other,reputation,mother,1.0,1.0,0.0,no,no,no,yes,no,yes,yes,no,5.0,3,4.0,1.0,2.0,1.0,4.0,12,13,13
195,GP,M,16.0,U,GT3,T,3.0,3.0,services,other,home,mother,1.0,2.0,0.0,no,no,no,yes,yes,yes,yes,yes,4.0,2,3.0,1.0,2.0,3.0,0.0,11,12,13
374,GP,F,17.0,U,GT3,T,3.0,1.0,services,services,course,father,1.0,3.0,0.0,no,yes,no,no,no,yes,yes,no,3.0,4,3.0,2.0,3.0,5.0,0.0,17,18,17
306,GP,M,18.0,R,LE3,A,3.0,4.0,other,other,reputation,mother,2.0,2.0,0.0,no,yes,no,yes,yes,yes,yes,no,4.0,2,5.0,3.0,4.0,1.0,6.0,15,16,16
217,GP,F,17.0,R,GT3,T,2.0,2.0,other,other,reputation,mother,1.0,1.0,0.0,no,yes,no,no,,yes,1,no,5.0,3,2.0,1.0,2.0,3.0,21.0,13,13,13
185,GP,M,16.0,U,GT3,T,1.0,0.0,other,other,reputation,mother,2.0,2.0,0.0,no,yes,no,yes,yes,yes,yes,yes,4.0,3,2.0,1.0,1.0,3.0,0.0,16,17,18
74,GP,F,16.0,U,GT3,T,3.0,3.0,other,services,home,mother,1.0,2.0,0.0,yes,yes,no,yes,yes,yes,yes,no,4.0,3,3.0,2.0,4.0,5.0,4.0,11,11,11
4,GP,F,16.0,U,GT3,T,3.0,3.0,other,other,home,father,1.0,2.0,0.0,no,yes,no,no,yes,yes,no,no,4.0,3,2.0,1.0,2.0,5.0,0.0,11,13,13
318,GP,F,18.0,R,GT3,A,3.0,2.0,other,services,home,mother,2.0,2.0,0.0,no,no,no,no,no,no,yes,yes,4.0,1,1.0,1.0,1.0,5.0,15.0,12,9,10
528,MS,F,17.0,R,GT3,T,2.0,2.0,at_home,other,other,mother,1.0,1.0,0.0,no,yes,yes,no,yes,yes,yes,no,5.0,1,3.0,1.0,2.0,5.0,5.0,9,9,9
49,GP,F,15.0,U,GT3,T,4.0,4.0,services,teacher,other,father,1.0,2.0,0.0,yes,yes,no,yes,no,yes,yes,no,4.0,4,4.0,1.0,1.0,3.0,2.0,13,12,12
327,GP,F,18.0,R,LE3,T,1.0,1.0,at_home,other,reputation,mother,2.0,4.0,0.0,no,yes,no,yes,yes,yes,no,no,5.0,2,2.0,1.0,1.0,3.0,2.0,17,17,18
572,MS,F,16.0,U,GT3,A,3.0,2.0,services,at_home,course,mother,2.0,2.0,2.0,no,yes,no,yes,yes,yes,no,yes,2.0,5,5.0,1.0,1.0,1.0,8.0,5,5,7
405,GP,F,19.0,U,LE3,A,,3.0,at_home,other,home,other,2.0,1.0,1.0,no,no,no,no,yes,no,1,no,2.0,2,3.0,3.0,4.0,5.0,16.0,10,11,11
335,GP,M,18.0,U,LE3,A,4.0,4.0,teacher,teacher,reputation,mother,1.0,2.0,0.0,no,yes,no,yes,yes,yes,yes,no,5.0,4,3.0,1.0,1.0,2.0,0.0,17,17,17
557,MS,F,17.0,R,GT3,T,3.0,1.0,other,other,course,mother,2.0,2.0,3.0,no,yes,no,yes,no,yes,yes,yes,5.0,4,4.0,1.0,1.0,5.0,2.0,7,9,10
582,MS,F,19.0,U,LE3,A,1.0,1.0,at_home,other,course,mother,1.0,1.0,0.0,no,yes,no,no,yes,no,no,no,1.0,4,4.0,1.0,1.0,5.0,0.0,6,8,7
96,GP,M,16.0,R,GT3,T,4.0,3.0,services,other,reputation,mother,2.0,1.0,0.0,yes,yes,yes,yes,no,yes,yes,no,3.0,3,3.0,1.0,1.0,4.0,6.0,9,11,11
564,MS,M,16.0,R,GT3,T,3.0,2.0,services,other,course,father,2.0,1.0,0.0,no,no,no,no,yes,yes,yes,no,4.0,5,5.0,2.0,3.0,5.0,2.0,11,9,10
224,GP,F,19.0,U,GT3,T,3.0,3.0,other,,reputation,other,1.0,4.0,0.0,no,yes,no,yes,1,yes,yes,no,4.0,3,3.0,1.0,2.0,3.0,4.0,12,12,12
246,GP,M,17.0,U,GT3,T,4.0,4.0,teacher,teacher,reputation,mother,1.0,2.0,0.0,yes,yes,no,yes,yes,yes,yes,yes,4.0,5,5.0,1.0,3.0,2.0,0.0,13,13,13
67,GP,F,16.0,U,GT3,T,3.0,1.0,services,other,course,mother,1.0,4.0,0.0,yes,yes,no,0,yes,yes,yes,no,4.0,3,3.0,1.0,2.0,,0.0,10,9,10
406,GP,F,17.0,U,GT3,T,3.0,1.0,other,at_home,home,mother,1.0,1.0,1.0,no,yes,yes,no,yes,yes,yes,yes,4.0,1,2.0,1.0,1.0,3.0,6.0,10,13,13
85,GP,F,15.0,U,GT3,T,4.0,4.0,services,services,reputation,father,2.0,2.0,0.0,no,no,no,no,yes,yes,yes,yes,4.0,4,4.0,2.0,3.0,5.0,4.0,12,11,12
563,MS,M,17.0,U,GT3,T,2.0,2.0,other,other,course,mother,1.0,1.0,1.0,no,no,no,yes,yes,yes,no,yes,1.0,2,1.0,2.0,3.0,5.0,0.0,7,0,0
532,MS,M,16.0,U,GT3,T,2.0,1.0,health,services,other,mother,2.0,2.0,0.0,no,no,no,no,no,yes,yes,yes,4.0,2,2.0,1.0,4.0,5.0,2.0,9,7,8
253,GP,F,18.0,U,LE3,A,2.0,4.0,services,other,course,mother,2.0,2.0,1.0,no,yes,no,no,yes,yes,yes,no,4.0,3,3.0,1.0,1.0,3.0,18.0,10,10,10
480,MS,F,19.0,U,GT3,T,2.0,3.0,at_home,services,course,other,1.0,1.0,1.0,no,no,no,no,yes,no,yes,yes,4.0,4,4.0,1.0,1.0,2.0,0.0,9,9,10
211,GP,M,16.0,R,LE3,T,3.0,3.0,teacher,other,home,father,3.0,1.0,0.0,no,yes,no,yes,yes,yes,yes,no,3.0,3,4.0,3.0,5.0,3.0,16.0,10,11,12
280,GP,M,18.0,R,LE3,T,3.0,3.0,other,services,course,mother,1.0,2.0,0.0,no,yes,no,no,yes,yes,yes,yes,4.0,3,3.0,1.0,3.0,5.0,8.0,10,9,10
450,MS,F,16.0,R,GT3,T,2.0,3.0,other,services,course,mother,3.0,2.0,0.0,no,yes,no,no,yes,yes,yes,no,4.0,5,4.0,1.0,2.0,1.0,2.0,15,15,15
490,MS,F,18.0,R,GT3,T,1.0,1.0,at_home,at_home,course,mother,2.0,1.0,1.0,no,no,no,no,no,no,yes,yes,3.0,2,3.0,1.0,1.0,2.0,4.0,9,11,10
408,GP,M,18.0,U,LE3,T,2.0,2.0,services,services,reputation,mother,1.0,2.0,0.0,no,yes,no,yes,no,no,yes,no,4.0,4,4.0,1.0,3.0,3.0,11.0,9,11,12
215,GP,F,16.0,U,GT3,T,2.0,3.0,other,other,reputation,mother,1.0,2.0,0.0,yes,yes,no,yes,yes,yes,no,no,4.0,4,3.0,1.0,3.0,4.0,4.0,11,12,12
166,GP,M,19.0,U,GT3,T,3.0,,services,at_home,home,mother,1.0,1.0,0.0,no,1,no,no,yes,no,yes,yes,4.0,5,4.0,1.0,1.0,4.0,6.0,11,9,11
430,MS,M,16.0,U,GT3,A,1.0,2.0,other,other,other,mother,1.0,3.0,0.0,yes,no,no,no,yes,yes,yes,no,4.0,4,3.0,1.0,1.0,5.0,0.0,10,11,11
501,MS,M,16.0,U,LE3,T,4.0,3.0,other,other,course,father,1.0,1.0,0.0,no,no,no,yes,yes,yes,yes,no,4.0,2,5.0,1.0,5.0,5.0,8.0,14,12,13
356,GP,F,17.0,R,GT3,T,4.0,4.0,teacher,teacher,course,mother,1.0,1.0,0.0,no,no,no,yes,yes,yes,yes,no,4.0,4,4.0,1.0,1.0,5.0,2.0,15,16,17
69,GP,F,15.0,R,LE3,T,3.0,1.0,other,other,reputation,father,2.0,4.0,0.0,no,yes,no,no,no,yes,yes,no,4.0,4,2.0,2.0,3.0,3.0,6.0,15,15,15
30,GP,M,15.0,U,GT3,T,,4.0,health,services,home,mother,1.0,2.0,0.0,no,yes,yes,no,no,yes,sim,no,5.0,4,2.0,3.0,4.0,5.0,0.0,10,11,11
325,GP,M,17.0,U,LE3,A,4.0,1.0,services,other,home,mother,2.0,1.0,0.0,no,no,no,yes,yes,yes,yes,yes,4.0,5,4.0,2.0,4.0,5.0,22.0,11,11,10
207,GP,M,16.0,R,GT3,T,3.0,3.0,services,services,reputation,mother,1.0,1.0,0.0,no,yes,no,yes,yes,yes,yes,no,4.0,3,2.0,3.0,4.0,5.0,0.0,11,10,10
149,GP,M,15.0,U,GT3,T,4.0,3.0,teacher,services,course,father,2.0,4.0,0.0,yes,yes,no,no,yes,yes,yes,no,2.0,2,2.0,1.0,1.0,3.0,6.0,9,11,11
541,MS,F,17.0,R,GT3,T,2.0,2.0,other,other,other,mother,2.0,2.0,0.0,yes,no,yes,no,yes,yes,no,no,5.0,1,3.0,1.0,1.0,5.0,0.0,11,9,11
283,GP,M,16.0,U,GT3,T,3.0,3.0,at_home,other,reputation,other,3.0,2.0,1.0,yes,yes,no,no,no,yes,yes,no,5.0,3,3.0,1.0,3.0,2.0,4.0,9,11,10
616,MS,M,18.0,U,LE3,T,1.0,1.0,other,services,home,father,2.0,1.0,0.0,,não,no,no,no,yes,yes,yes,3.0,3,2.0,1.0,2.0,3.0,2.0,14,13,14
346,GP,M,17.0,U,LE3,T,4.0,4.0,other,teacher,home,father,2.0,1.0,0.0,no,no,no,no,yes,yes,yes,no,4.0,1,1.0,2.0,2.0,5.0,0.0,12,13,13
335,GP,M,18.0,U,LE3,A,4.0,4.0,teacher,teacher,reputation,mother,1.0,2.0,0.0,no,yes,no,yes,yes,yes,yes,no,5.0,4,3.0,1.0,1.0,2.0,0.0,17,17,17
530,MS,M,17.0,U,GT3,T,3.0,3.0,services,services,home,mother,1.0,1.0,0.0,no,yes,no,yes,yes,yes,yes,no,4.0,1,4.0,5.0,5.0,3.0,8.0,7,10,9
360,GP,F,18.0,U,GT3,T,3.0,3.0,at_home,other,course,father,1.0,2.0,0.0,no,yes,no,no,yes,yes,yes,no,4.0,1,4.0,1.0,1.0,3.0,8.0,11,12,14
388,GP,F,18.0,U,GT3,T,3.0,3.0,services,services,home,mother,1.0,2.0,0.0,no,no,no,yes,yes,1,yes,no,5.0,3,4.0,1.0,1.0,,8.0,10,11,12
433,MS,F,15.0,R,GT3,T,4.0,4.0,teacher,other,course,mother,2.0,1.0,0.0,no,no,no,no,yes,yes,yes,yes,1.0,5,1.0,3.0,5.0,5.0,0.0,13,14,14
575,MS,F,18.0,R,GT3,A,4.0,3.0,services,services,course,mother,1.0,1.0,0.0,no,yes,no,no,yes,yes,yes,no,5.0,4,4.0,3.0,4.0,2.0,8.0,10,11,10
256,GP,M,18.0,U,GT3,T,2.0,2.0,other,at_home,course,other,1.0,1.0,1.0,no,yes,no,yes,no,no,yes,yes,4.0,4,3.0,2.0,2.0,1.0,26.0,7,8,8
103,GP,F,15.0,U,GT3,T,3.0,2.0,services,other,home,mother,2.0,2.0,0.0,yes,yes,no,no,yes,yes,,0,4.0,3,5.0,1.0,1.0,2.0,16.0,11,10,10
522,MS,F,16.0,U,GT3,T,4.0,4.0,health,health,course,mother,1.0,2.0,0.0,no,yes,no,no,yes,yes,yes,yes,4.0,3,4.0,1.0,2.0,3.0,4.0,8,8,8
411,GP,M,17.0,U,LE3,A,4.0,4.0,health,other,reputation,mother,1.0,3.0,0.0,no,yes,no,no,yes,yes,yes,no,4.0,4,2.0,1.0,2.0,4.0,2.0,12,15,15
513,MS,F,16.0,U,GT3,T,3.0,1.0,other,other,course,mother,1.0,1.0,0.0,no,no,no,yes,yes,yes,yes,no,3.0,1,3.0,1.0,3.0,1.0,0.0,8,6,8
196,GP,F,17.0,U,GT3,,2.0,4.0,services,services,reputation,father,1.0,2.0,0.0,no,yes,no,yes,1,yes,no,no,5.0,4,2.0,2.0,3.0,5.0,0.0,17,18,17
275,GP,F,18.0,U,GT3,T,2.0,1.0,other,other,course,other,2.0,3.0,0.0,no,yes,no,no,no,yes,yes,yes,4.0,4,4.0,1.0,1.0,3.0,10.0,12,10,11
212,GP,F,17.0,U,GT3,T,4.0,4.0,services,teacher,home,mother,2.0,1.0,1.0,no,yes,no,no,yes,yes,yes,no,4.0,2,4.0,2.0,3.0,2.0,30.0,14,15,16
116,GP,M,15.0,U,GT3,T,4.0,4.0,other,teacher,reputation,father,2.0,2.0,0.0,no,yes,no,yes,yes,yes,no,no,4.0,4,3.0,1.0,1.0,2.0,4.0,16,15,16
561,MS,M,18.0,U,LE3,T,1.0,1.0,at_home,at_home,course,mother,2.0,2.0,0.0,no,yes,no,yes,yes,yes,no,no,4.0,3,3.0,1.0,4.0,5.0,6.0,10,9,10
341,GP,F,19.0,U,GT3,T,4.0,4.0,health,other,reputation,other,2.0,2.0,0.0,no,yes,no,yes,yes,yes,yes,no,2.0,3,4.0,2.0,3.0,2.0,2.0,14,13,13
463,MS,F,15.0,R,LE3,T,2.0,2.0,other,other,other,father,1.0,3.0,0.0,yes,yes,no,no,yes,yes,no,no,4.0,4,3.0,2.0,2.0,5.0,2.0,14,11,12
520,MS,F,16.0,U,LE3,T,1.0,1.0,at_home,other,other,mother,3.0,2.0,0.0,no,yes,no,no,yes,yes,yes,no,4.0,3,2.0,1.0,3.0,5.0,6.0,6,8,8
91,GP,F,15.0,U,GT3,T,4.0,3.0,services,other,reputation,mother,1.0,1.0,0.0,no,no,no,yes,yes,yes,yes,no,4.0,5,5.0,1.0,3.0,1.0,6.0,14,13,13
47,GP,M,16.0,U,GT3,T,4.0,3.0,health,services,reputation,mother,1.0,4.0,0.0,no,no,no,yes,yes,yes,yes,no,4.0,2,2.0,1.0,1.0,2.0,2.0,17,17,17
317,GP,F,17.0,U,LE3,T,2.0,2.0,services,other,course,mother,2.0,2.0,0.0,yes,yes,no,no,yes,yes,yes,yes,4.0,4,4.0,2.0,3.0,5.0,6.0,12,12,12
446,MS,M,15.0,U,LE3,T,3.0,3.0,at_home,at_home,reputation,father,1.0,2.0,0.0,no,yes,no,yes,yes,yes,yes,no,5.0,3,3.0,1.0,1.0,5.0,0.0,11,11,11
630,MS,F,18.0,R,LE3,T,4.0,4.0,other,other,reputation,mother,2.0,3.0,0.0,no,no,no,no,yes,yes,yes,no,5.0,4,4.0,1.0,1.0,1.0,0.0,15,17,17
620,MS,F,17.0,U,LE3,T,4.0,4.0,at_home,at_home,course,mother,1.0,2.0,0.0,no,yes,no,yes,yes,yes,yes,yes,2.0,3,4.0,1.0,1.0,1.0,4.0,15,14,15
182,GP,F,16.0,U,GT3,T,2.0,2.0,other,other,home,mother,1.0,2.0,0.0,no,yes,no,no,no,yes,yes,no,5.0,1,5.0,1.0,1.0,4.0,0.0,12,12,13
399,GP,F,18.0,U,GT3,T,3.0,2.0,other,services,other,mother,1.0,3.0,0.0,no,no,no,no,yes,yes,yes,yes,5.0,4,3.0,2.0,3.0,1.0,4.0,14,16,17
440,MS,M,16.0,U,GT3,T,1.0,1.0,at_home,services,home,mother,2.0,2.0,0.0,no,yes,no,yes,yes,yes,no,yes,5.0,4,5.0,4.0,5.0,3.0,0.0,7,0,0
383,GP,M,18.0,U,LE3,T,2.0,2.0,other,other,course,mother,1.0,4.0,0.0,no,yes,yes,yes,yes,yes,yes,no,4.0,5,5.0,2.0,4.0,5.0,0.0,11,11,12
584,MS,F,17.0,R,GT3,T,0.0,0.0,at_home,other,course,mother,2.0,1.0,0.0,no,yes,no,no,yes,yes,yes,no,4.0,4,3.0,1.0,1.0,5.0,0.0,10,11,11
642,MS,F,17.0,U,GT3,T,4.0,3.0,teacher,other,,mother,2.0,2.0,0.0,no,no,no,no,yes,sim,yes,no,5.0,5,4.0,1.0,1.0,1.0,0.0,6,9,11
232,GP,F,17.0,U,GT3,T,2.0,3.0,at_home,other,home,father,2.0,1.0,0.0,no,yes,no,no,yes,yes,no,no,3.0,3,3.0,1.0,4.0,3.0,4.0,12,13,13
549,MS,F,,R,GT3,T,4.0,2.0,other,other,course,mother,2.0,2.0,0.0,yes,sim,no,no,no,yes,yes,no,4.0,3,3.0,2.0,3.0,5.0,0.0,17,18,18
638,MS,M,17.0,U,GT3,T,2.0,3.0,other,services,home,father,2.0,2.0,0.0,no,no,no,yes,sim,yes,yes,no,,4,3.0,1.0,1.0,3.0,4.0,14,15,16
36,GP,M,15.0,U,LE3,T,4.0,3.0,teacher,services,home,mother,1.0,3.0,0.0,no,yes,no,yes,yes,yes,yes,no,5.0,4,3.0,1.0,1.0,4.0,0.0,14,14,14
267,GP,M,17.0,U,LE3,T,4.0,3.0,health,other,course,mother,2.0,2.0,0.0,no,no,no,yes,yes,yes,yes,yes,2.0,5,5.0,1.0,4.0,5.0,8.0,15,15,15
236,GP,F,16.0,U,GT3,T,2.0,3.0,services,teacher,other,mother,1.0,2.0,0.0,yes,no,no,no,yes,yes,yes,no,2.0,3,1.0,1.0,1.0,3.0,0.0,13,13,14
491,MS,F,19.0,U,GT3,T,1.0,1.0,other,other,course,other,2.0,2.0,1.0,no,yes,no,no,yes,yes,yes,yes,1.0,1,4.0,4.0,1.0,1.0,12.0,7,8,9
140,GP,M,17.0,R,GT3,T,3.0,4.0,at_home,other,course,mother,3.0,2.0,0.0,no,no,no,no,yes,yes,no,no,5.0,4,5.0,2.0,4.0,5.0,2.0,10,9,10
442,MS,M,15.0,R,LE3,T,4.0,1.0,health,services,reputation,father,1.0,2.0,0.0,no,yes,no,yes,yes,yes,yes,no,5.0,3,4.0,1.0,2.0,2.0,0.0,12,13,14
423,MS,F,16.0,U,GT3,T,1.0,3.0,at_home,other,other,father,2.0,1.0,0.0,no,yes,no,no,yes,no,yes,yes,4.0,3,3.0,1.0,3.0,5.0,11.0,10,11,11
285,GP,M,16.0,R,GT3,T,2.0,1.0,other,other,course,mother,2.0,1.0,0.0,no,no,no,yes,no,yes,no,no,3.0,3,2.0,1.0,3.0,3.0,2.0,14,13,12
502,MS,M,17.0,R,LE3,T,2.0,2.0,services,services,other,mother,3.0,4.0,1.0,no,yes,no,no,yes,yes,no,no,1.0,3,5.0,3.0,5.0,3.0,2.0,10,8,9
434,MS,F,16.0,U,LE3,A,2.0,2.0,at_home,other,reputation,mother,2.0,4.0,0.0,no,no,no,yes,no,no,no,yes,1.0,2,1.0,1.0,1.0,1.0,4.0,10,9,11
19,GP,M,16.0,U,LE3,T,4.0,3.0,health,other,home,father,1.0,1.0,0.0,no,no,no,yes,yes,yes,yes,no,3.0,1,3.0,1.0,3.0,5.0,6.0,12,12,12
63,GP,F,16.0,U,GT3,T,4.0,3.0,teacher,health,home,mother,1.0,3.0,0.0,yes,yes,no,yes,yes,yes,yes,no,3.0,4,4.0,2.0,4.0,4.0,0.0,14,13,13
635,MS,F,17.0,R,GT3,T,3.0,1.0,at_home,other,reputation,mother,1.0,2.0,0.0,no,yes,no,yes,no,yes,yes,no,4.0,5,4.0,2.0,3.0,1.0,10.0,8,9,9
319,GP,M,18.0,U,GT3,T,4.0,4.0,teacher,services,home,mother,2.0,1.0,0.0,no,no,no,yes,yes,yes,yes,no,3.0,2,4.0,1.0,4.0,3.0,6.0,11,12,12
594,MS,F,18.0,U,GT3,T,4.0,4.0,teacher,teacher,reputation,mother,2.0,2.0,0.0,no,no,no,yes,no,yes,yes,no,4.0,3,5.0,1.0,2.0,1.0,0.0,18,18,18
155,GP,M,17.0,U,GT3,T,2.0,1.0,other,other,home,mother,1.0,1.0,0.0,no,yes,no,no,yes,yes,yes,no,5.0,4,5.0,1.0,2.0,5.0,22.0,9,7,6
308,GP,F,18.0,R,GT3,T,4.0,4.0,teacher,other,reputation,mother,2.0,2.0,0.0,no,no,no,yes,yes,yes,yes,no,4.0,3,4.0,2.0,2.0,4.0,8.0,10,11,12
199,GP,M,17.0,U,GT3,T,3.0,3.0,services,services,other,mother,1.0,2.0,0.0,no,yes,no,yes,yes,yes,yes,yes,4.0,3,4.0,2.0,3.0,4.0,6.0,11,13,14
526,MS,F,17.0,R,GT3,T,4.0,1.0,other,other,other,mother,1.0,1.0,0.0,no,no,no,no,yes,yes,yes,yes,4.0,2,3.0,1.0,2.0,5.0,1.0,13,14,14
129,GP,M,16.0,U,GT3,T,2.0,3.0,other,other,course,mother,2.0,3.0,0.0,no,yes,no,no,no,yes,yes,yes,3.0,2,3.0,2.0,2.0,1.0,4.0,13,12,13
453,MS,F,16.0,U,GT3,T,1.0,2.0,other,services,course,mother,1.0,3.0,1.0,no,yes,no,no,yes,yes,no,no,1.0,3,2.0,1.0,2.0,4.0,0.0,10,8,8
34,GP,M,16.0,U,GT3,T,3.0,2.0,other,other,home,mother,1.0,1.0,0.0,no,yes,no,no,no,yes,yes,no,5.0,4,3.0,1.0,1.0,5.0,4.0,12,12,12
225,GP,M,17.0,U,LE3,T,4.0,4.0,services,other,home,mother,1.0,2.0,0.0,no,,não,no,yes,yes,yes,yes,5.0,3,5.0,4.0,5.0,3.0,15.0,13,12,12
465,MS,F,18.0,U,GT3,T,1.0,2.0,other,other,course,father,1.0,2.0,1.0,no,yes,no,yes,yes,yes,yes,yes,3.0,4,4.0,2.0,3.0,5.0,9.0,9,8,8
358,GP,F,18.0,U,LE3,T,4.0,3.0,health,services,course,mother,2.0,1.0,0.0,no,yes,no,no,yes,yes,yes,no,3.0,2,4.0,1.0,4.0,1.0,8.0,12,12,15
416,GP,M,17.0,U,LE3,A,3.0,2.0,other,other,reputation,mother,1.0,2.0,0.0,no,yes,no,no,yes,yes,yes,no,4.0,4,4.0,1.0,2.0,5.0,10.0,16,18,18
13,GP,M,15.0,U,GT3,T,4.0,3.0,teacher,other,course,mother,2.0,2.0,0.0,no,yes,no,no,yes,yes,yes,no,5.0,4,3.0,1.0,2.0,3.0,0.0,12,12,13
348,GP,F,17.0,U,GT3,T,4.0,2.0,other,other,reputation,mother,2.0,3.0,0.0,no,yes,no,não,yes,yes,yes,no,4.0,3,,1.0,1.0,3.0,0.0,16,16,16
337,GP,F,17.0,U,GT3,T,4.0,3.0,health,services,reputation,mother,1.0,3.0,0.0,no,yes,no,no,yes,yes,yes,no,4.0,2,2.0,1.0,2.0,3.0,0.0,17,18,18
605,MS,F,19.0,U,GT3,T,1.0,1.0,at_home,services,other,father,2.0,1.0,1.0,no,no,no,no,yes,no,no,no,5.0,5,5.0,2.0,3.0,2.0,0.0,5,0,0
567,MS,M,18.0,R,GT3,T,3.0,2.0,services,other,course,mother,1.0,1.0,1.0,no,no,no,no,yes,no,yes,no,2.0,3,1.0,2.0,2.0,5.0,0.0,4,0,0
516,MS,F,16.0,R,GT3,T,4.0,4.0,health,teacher,reputation,father,1.0,2.0,0.0,no,no,no,yes,no,yes,yes,yes,4.0,3,3.0,2.0,3.0,2.0,0.0,14,16,16
274,GP,F,17.0,U,GT3,T,1.0,1.0,at_home,other,course,mother,1.0,2.0,0.0,yes,no,,no,no,yes,0,yes,4.0,3,2.0,1.0,1.0,4.0,10.0,10,9,10
372,GP,F,17.0,U,GT3,T,2.0,2.0,other,other,course,mother,1.0,2.0,0.0,no,yes,no,no,yes,yes,no,yes,4.0,2,2.0,1.0,1.0,3.0,4.0,14,13,13
222,GP,F,16.0,U,GT3,T,1.0,1.0,at_home,other,home,mother,2.0,1.0,0.0,no,yes,no,no,yes,yes,no,no,4.0,3,2.0,1.0,4.0,5.0,2.0,12,13,13
45,GP,F,15.0,U,LE3,A,4.0,3.0,other,other,course,mother,1.0,2.0,0.0,yes,yes,yes,yes,yes,yes,yes,yes,5.0,2,2.0,1.0,1.0,5.0,4.0,10,11,11
122,GP,F,16.0,U,LE3,T,2.0,4.0,other,health,course,father,2.0,2.0,0.0,no,yes,no,yes,yes,yes,yes,yes,4.0,2,2.0,1.0,2.0,5.0,2.0,14,12,13
114,GP,M,15.0,R,GT3,T,2.0,1.0,health,services,reputation,mother,1.0,2.0,0.0,no,no,no,yes,yes,,sim,yes,5.0,4,2.0,1.0,1.0,5.0,4.0,10,9,10
35,GP,F,15.0,U,GT3,T,2.0,3.0,other,other,other,father,2.0,1.0,0.0,no,yes,no,yes,yes,yes,no,no,3.0,5,1.0,1.0,1.0,5.0,4.0,11,11,11
276,GP,M,16.0,U,GT3,T,2.0,1.0,other,other,course,mother,3.0,1.0,0.0,no,0,no,no,yes,yes,yes,no,4.0,3,3.0,1.0,,4.0,7.0,15,16,16
277,GP,F,17.0,U,GT3,T,1.0,1.0,other,services,course,father,1.0,2.0,0.0,no,yes,no,no,yes,yes,no,no,4.0,3,4.0,1.0,2.0,5.0,4.0,11,10,11
570,MS,M,16.0,R,GT3,T,2.0,2.0,services,services,course,,2.0,1.0,0.0,no,yes,no,1,yes,yes,yes,yes,5.0,4,3.0,2.0,4.0,4.0,6.0,7,8,8
484,MS,F,16.0,U,LE3,A,2.0,2.0,other,other,home,mother,1.0,1.0,0.0,no,yes,no,no,yes,no,no,no,4.0,3,4.0,1.0,2.0,1.0,6.0,7,7,8
363,GP,F,18.0,U,GT3,T,3.0,4.0,other,other,course,mother,1.0,1.0,0.0,0,yes,no,yes,yes,yes,yes,yes,5.0,4,4.0,,1.0,1.0,4.0,11,12,14
631,MS,F,18.0,R,GT3,T,1.0,1.0,other,other,home,mother,4.0,3.0,0.0,no,no,no,no,yes,yes,yes,no,4.0,3,2.0,1.0,2.0,4.0,4.0,10,11,12
46,GP,F,16.0,U,LE3,A,3.0,3.0,other,services,home,mother,1.0,2.0,0.0,no,yes,no,0,yes,yes,yes,,2.0,3,5.0,1.0,4.0,3.0,6.0,13,12,13
625,MS,F,18.0,U,GT3,T,2.0,3.0,at_home,services,course,father,2.0,1.0,0.0,no,yes,no,no,yes,yes,yes,yes,5.0,2,3.0,1.0,2.0,4.0,0.0,10,10,10
312,GP,F,18.0,U,GT3,T,2.0,3.0,other,services,reputation,father,1.0,4.0,0.0,no,yes,no,yes,yes,yes,yes,yes,4.0,5,5.0,1.0,3.0,2.0,10.0,16,16,16
44,GP,F,16.0,U,LE3,T,2.0,,other,at_home,course,father,2.0,2.0,1.0,sim,no,no,yes,yes,yes,yes,no,4.0,3,3.0,2.0,2.0,5.0,14.0,10,11,11
163,GP,M,,U,LE3,T,1.0,1.0,other,other,course,mother,1.0,1.0,2.0,no,não,no,no,yes,no,yes,yes,2.0,3,5.0,2.0,5.0,4.0,0.0,11,9,0
147,GP,F,15.0,U,GT3,T,4.0,4.0,teacher,teacher,course,mother,2.0,1.0,0.0,no,no,no,yes,yes,yes,yes,no,4.0,3,2.0,1.0,1.0,5.0,6.0,13,14,14
290,GP,F,19.0,U,GT3,T,2.0,2.0,services,services,home,mother,1.0,2.0,0.0,no,yes,no,no,yes,yes,yes,no,4.0,3,3.0,1.0,1.0,5.0,0.0,10,10,11
225,GP,M,17.0,U,LE3,T,4.0,4.0,services,other,home,mother,1.0,2.0,0.0,no,,não,no,yes,yes,yes,yes,5.0,3,5.0,4.0,5.0,3.0,15.0,13,12,12
585,MS,F,17.0,R,LE3,A,3.0,1.0,other,at_home,course,other,2.0,3.0,0.0,no,yes,yes,no,yes,no,no,no,4.0,2,3.0,2.0,2.0,3.0,5.0,8,7,8
189,GP,M,17.0,U,LE3,T,4.0,3.0,teacher,other,course,mother,2.0,2.0,0.0,no,no,no,yes,yes,yes,yes,no,4.0,4,4.0,4.0,4.0,4.0,0.0,10,11,11
258,GP,F,17.0,U,GT3,T,3.0,2.0,other,other,course,father,1.0,2.0,0.0,no,no,no,yes,yes,yes,no,no,5.0,4,2.0,1.0,1.0,3.0,4.0,14,14,15
451,MS,M,16.0,R,GT3,T,1.0,2.0,other,other,course,father,2.0,2.0,0.0,no,no,no,no,yes,yes,no,no,4.0,3,3.0,1.0,1.0,5.0,0.0,10,11,11
243,GP,F,17.0,U,GT3,A,2.0,1.0,other,other,course,mother,2.0,3.0,0.0,no,no,no,yes,yes,yes,yes,yes,3.0,2,3.0,1.0,2.0,3.0,0.0,15,15,16
565,MS,M,16.0,R,LE3,T,1.0,1.0,at_home,other,course,mother,2.0,1.0,0.0,no,no,não,,yes,yes,yes,no,4.0,5,5.0,2.0,4.0,5.0,0.0,10,10,9
629,MS,F,17.0,R,GT3,T,1.0,2.0,other,other,course,mother,1.0,1.0,0.0,no,no,no,yes,yes,yes,yes,no,3.0,5,5.0,1.0,3.0,1.0,4.0,7,8,9
641,MS,F,18.0,R,GT3,T,2.0,2.0,at_home,other,other,mother,2.0,3.0,,no,no,no,no,sim,yes,no,no,5.0,3,3.0,1.0,3.0,4.0,0.0,14,17,15
289,GP,F,17.0,U,LE3,T,4.0,2.0,teacher,services,reputation,mother,1.0,4.0,0.0,no,yes,no,yes,yes,yes,yes,no,4.0,2,3.0,1.0,1.0,4.0,2.0,14,15,17
391,GP,F,17.0,U,GT3,T,3.0,4.0,services,other,course,mother,1.0,3.0,0.0,no,no,no,no,yes,yes,yes,no,4.0,4,5.0,1.0,3.0,5.0,8.0,11,13,14
145,GP,F,16.0,U,GT3,A,3.0,3.0,other,other,course,other,2.0,1.0,0.0,no,yes,no,yes,no,yes,yes,yes,4.0,3,2.0,1.0,1.0,5.0,4.0,9,9,10
158,GP,F,15.0,U,GT3,T,3.0,2.0,health,services,home,father,1.0,2.0,1.0,no,yes,no,no,yes,yes,yes,no,3.0,3,2.0,1.0,1.0,3.0,2.0,11,11,11
237,GP,M,18.0,U,GT3,T,2.0,2.0,other,other,home,mother,2.0,2.0,3.0,no,yes,yes,no,yes,yes,yes,no,3.0,3,3.0,5.0,5.0,4.0,9.0,10,9,10
472,MS,F,16.0,R,LE3,T,2.0,2.0,other,other,home,father,3.0,1.0,0.0,no,yes,no,yes,yes,yes,no,yes,4.0,3,2.0,1.0,1.0,4.0,0.0,14,14,16
38,GP,F,15.0,R,GT3,T,3.0,4.0,services,health,course,mother,1.0,3.0,0.0,yes,yes,no,yes,yes,yes,yes,no,4.0,3,2.0,1.0,1.0,5.0,2.0,11,12,12
499,MS,F,16.0,U,GT3,T,2.0,2.0,services,other,course,mother,1.0,1.0,0.0,no,yes,yes,yes,yes,yes,no,yes,4.0,2,5.0,1.0,2.0,5.0,0.0,17,16,16
300,GP,F,18.0,U,GT3,T,4.0,3.0,services,other,home,father,1.0,2.0,0.0,no,yes,não,no,yes,yes,yes,yes,3.0,1,2.0,,3.0,2.0,2.0,15,15,15
574,MS,M,20.0,R,,T,1.0,1.0,other,other,course,other,2.0,1.0,1.0,no,yes,no,no,yes,não,yes,yes,4.0,4,3.0,2.0,4.0,4.0,12.0,8,11,10
249,GP,M,16.0,U,GT3,T,3.0,2.0,at_home,other,reputation,mother,2.0,3.0,0.0,no,no,no,yes,yes,yes,yes,yes,5.0,3,3.0,1.0,3.0,2.0,0.0,12,12,12
5,GP,M,16.0,U,LE3,T,4.0,3.0,services,other,reputation,mother,1.0,2.0,0.0,no,yes,no,yes,yes,yes,yes,no,5.0,4,2.0,1.0,2.0,5.0,6.0,12,12,13
634,MS,F,18.0,U,GT3,T,3.0,3.0,other,other,home,mother,1.0,2.0,0.0,no,no,no,no,yes,yes,yes,yes,4.0,1,3.0,1.0,2.0,1.0,1.0,16,16,16
380,GP,F,17.0,U,GT3,T,4.0,4.0,teacher,services,course,mother,1.0,3.0,0.0,no,yes,no,yes,yes,yes,yes,no,5.0,4,4.0,1.0,3.0,4.0,0.0,13,12,13
487,MS,F,18.0,R,LE3,A,3.0,2.0,other,other,course,other,2.0,3.0,2.0,no,yes,no,no,no,no,no,yes,3.0,3,2.0,1.0,1.0,2.0,6.0,7,9,10
111,GP,F,16.0,R,GT3,T,3.0,3.0,services,other,reputation,father,1.0,3.0,0.0,yes,yes,no,yes,yes,yes,yes,no,4.0,1,2.0,1.0,1.0,2.0,4.0,11,11,11
92,GP,F,16.0,U,LE3,T,3.0,1.0,other,other,home,father,1.0,2.0,0.0,yes,yes,no,no,yes,yes,no,no,3.0,3,3.0,2.0,3.0,2.0,0.0,12,13,12
604,MS,F,18.0,,GT3,T,1.0,1.0,at_home,services,course,mother,3.0,2.0,1.0,no,no,não,no,yes,no,no,no,4.0,4,2.0,1.0,2.0,2.0,2.0,9,10,10
8,GP,M,15.0,U,LE3,A,3.0,2.0,services,other,home,mother,1.0,2.0,0.0,no,yes,no,no,yes,yes,yes,no,4.0,2,2.0,1.0,1.0,1.0,0.0,15,16,17
342,GP,F,18.0,U,LE3,T,4.0,3.0,other,other,home,other,2.0,2.0,0.0,no,yes,no,no,yes,yes,yes,yes,4.0,4,5.0,1.0,2.0,2.0,0.0,13,14,14
454,MS,F,16.0,U,GT3,T,1.0,2.0,other,services,course,mother,1.0,3.0,1.0,no,yes,no,no,yes,yes,no,no,1.0,3,2.0,1.0,2.0,4.0,3.0,9,8,8
615,MS,F,17.0,U,LE3,A,3.0,2.0,services,other,reputation,mother,2.0,2.0,0.0,no,no,no,no,yes,yes,no,yes,1.0,2,3.0,1.0,2.0,5.0,0.0,15,14,15
330,GP,F,18.0,U,GT3,T,2.0,1.0,other,other,reputation,mother,2.0,2.0,0.0,no,no,no,yes,yes,yes,yes,yes,4.0,3,1.0,1.0,1.0,5.0,10.0,12,13,14
213,GP,F,16.0,U,LE3,T,4.0,4.0,teacher,teacher,reputation,mother,1.0,2.0,0.0,no,yes,no,no,yes,yes,yes,no,4.0,5,2.0,1.0,2.0,3.0,0.0,11,10,11
559,MS,M,18.0,R,GT3,T,1.0,0.0,at_home,at_home,course,other,3.0,1.0,1.0,yes,yes,no,no,yes,yes,no,no,4.0,3,2.0,1.0,1.0,4.0,0.0,12,12,13
229,GP,F,17.0,U,LE3,T,3.0,2.0,other,other,reputation,mother,2.0,2.0,0.0,no,no,no,no,yes,yes,yes,no,4.0,4,4.0,1.0,3.0,1.0,2.0,14,16,15
646,MS,F,18.0,U,GT3,T,1.0,1.0,other,other,course,mother,2.0,2.0,0.0,no,no,no,yes,yes,yes,no,no,1.0,1,1.0,1.0,1.0,5.0,6.0,11,12,9
106,GP,F,15.0,U,GT3,T,2.0,2.0,other,other,course,mother,1.0,4.0,0.0,yes,yes,no,no,yes,yes,yes,no,5.0,1,2.0,1.0,1.0,3.0,4.0,10,10,10
601,MS,F,18.0,U,GT3,T,2.0,2.0,other,other,course,mother,2.0,2.0,0.0,no,yes,no,no,no,yes,yes,yes,1.0,3,1.0,1.0,1.0,2.0,4.0,8,8,10
439,MS,F,15.0,R,GT3,T,3.0,3.0,other,services,course,father,2.0,1.0,0.0,no,no,no,no,no,yes,yes,no,4.0,1,3.0,1.0,1.0,4.0,0.0,14,16,16
84,GP,F,15.0,U,GT3,T,1.0,1.0,other,other,home,father,1.0,2.0,0.0,no,yes,no,yes,no,yes,yes,no,4.0,3,2.0,2.0,3.0,4.0,2.0,13,12,12
311,GP,F,19.0,U,GT3,T,3.0,3.0,other,services,home,other,1.0,2.0,0.0,no,yes,no,yes,yes,yes,yes,no,4.0,3,5.0,3.0,3.0,5.0,16.0,11,12,12
426,MS,F,15.0,R,GT3,T,3.0,3.0,at_home,other,course,mother,2.0,1.0,0.0,no,yes,no,no,yes,yes,yes,no,5.0,4,4.0,2.0,3.0,5.0,4.0,10,10,11
370,GP,F,19.0,U,LE3,A,1.0,,other,other,course,other,3.0,2.0,2.0,no,yes,no,no,no,yes,yes,1,5.0,3,4.0,1.0,1.0,4.0,2.0,8,8,9
1,GP,F,17.0,U,GT3,T,1.0,1.0,at_home,other,course,father,1.0,2.0,0.0,no,yes,no,no,no,yes,yes,no,5.0,3,3.0,1.0,1.0,3.0,2.0,9,11,11
362,GP,F,18.0,U,GT3,T,4.0,4.0,teacher,other,course,mother,1.0,2.0,0.0,no,yes,no,no,yes,yes,yes,no,4.0,4,4.0,3.0,3.0,5.0,0.0,12,11,13
481,MS,F,17.0,R,GT3,T,2.0,1.0,at_home,other,course,mother,3.0,1.0,0.0,no,yes,no,yes,yes,no,no,yes,5.0,5,3.0,1.0,1.0,3.0,2.0,9,10,11
313,GP,F,18.0,U,LE3,T,1.0,1.0,other,other,home,mother,2.0,2.0,0.0,no,yes,no,no,no,yes,no,no,4.0,4,3.0,1.0,1.0,3.0,2.0,13,13,13
239,GP,F,18.0,R,GT3,T,3.0,1.0,other,other,reputation,mother,1.0,2.0,0.0,no,no,no,yes,yes,yes,yes,yes,5.0,3,3.0,1.0,1.0,4.0,4.0,8,8,8
206,GP,M,17.0,U,GT3,T,1.0,2.0,at_home,services,other,other,2.0,2.0,0.0,no,no,no,yes,no,yes,yes,no,4.0,4,4.0,4.0,5.0,5.0,16.0,10,11,12
156,GP,F,15.0,U,GT3,T,1.0,1.0,other,services,course,father,1.0,2.0,0.0,no,yes,no,no,yes,yes,yes,no,4.0,4,2.0,1.0,2.0,5.0,0.0,12,12,12
579,MS,M,18.0,U,LE3,T,1.0,3.0,at_home,services,course,mother,1.0,1.0,0.0,no,no,no,no,yes,no,yes,yes,4.0,3,3.0,2.0,3.0,3.0,0.0,9,10,9
294,GP,F,18.0,R,GT3,T,2.0,2.0,other,other,home,mother,1.0,2.0,0.0,yes,no,no,no,yes,yes,no,no,3.0,2,3.0,1.0,1.0,5.0,4.0,11,11,13
33,GP,M,15.0,U,LE3,T,3.0,3.0,other,other,course,mother,1.0,2.0,0.0,no,no,no,yes,no,yes,yes,no,5.0,3,2.0,1.0,1.0,2.0,0.0,13,12,12
172,GP,M,16.0,U,GT3,T,3.0,3.0,other,services,course,father,1.0,2.0,1.0,no,yes,no,no,yes,yes,yes,yes,4.0,5,5.0,4.0,4.0,5.0,0.0,10,10,1
148,GP,F,15.0,R,GT3,T,1.0,1.0,other,other,course,mother,3.0,1.0,1.0,no,no,no,yes,yes,yes,yes,yes,5.0,5,5.0,1.0,1.0,1.0,2.0,8,9,9
590,MS,F,18.0,U,GT3,T,1.0,1.0,other,other,course,mother,3.0,2.0,2.0,no,no,no,yes,yes,yes,no,yes,3.0,4,4.0,2.0,2.0,5.0,3.0,7,8,7
400,GP,M,18.0,R,GT3,T,4.0,3.0,teacher,services,course,mother,1.0,3.0,0.0,no,no,no,no,yes,yes,yes,yes,5.0,3,2.0,1.0,2.0,4.0,4.0,15,14,17
68,GP,F,15.0,R,LE3,T,2.0,2.0,health,services,reputation,mother,2.0,2.0,0.0,yes,yes,no,no,yes,yes,yes,no,4.0,1,3.0,1.0,3.0,4.0,0.0,11,10,11
409,GP,M,18.0,U,LE3,A,3.0,4.0,other,other,reputation,other,1.0,2.0,0.0,no,no,no,yes,yes,yes,yes,yes,4.0,3,5.0,1.0,4.0,2.0,9.0,13,14,15
50,GP,F,16.0,U,LE3,T,2.0,2.0,services,services,course,mother,3.0,2.0,0.0,no,yes,no,no,yes,yes,yes,no,4.0,3,3.0,2.0,3.0,4.0,0.0,14,13,13
266,GP,F,17.0,U,LE3,A,4.0,2.0,teacher,other,course,mother,1.0,2.0,0.0,no,yes,no,yes,yes,yes,no,no,4.0,3,2.0,1.0,1.0,4.0,4.0,15,14,14
101,GP,M,16.0,U,GT3,T,4.0,4.0,services,teacher,other,father,1.0,3.0,0.0,no,yes,no,yes,yes,yes,yes,yes,4.0,4,3.0,1.0,1.0,4.0,0.0,16,16,16
25,GP,F,16.0,U,GT3,T,2.0,2.0,services,services,home,mother,1.0,1.0,,no,yes,no,no,no,sim,yes,no,1.0,2,2.0,1.0,3.0,5.0,6.0,10,11,12
131,GP,F,18.0,U,GT3,T,2.0,1.0,services,other,reputation,mother,1.0,2.0,3.0,no,yes,no,yes,yes,no,yes,yes,5.0,4,5.0,1.0,3.0,5.0,10.0,10,9,8
581,MS,F,18.0,U,GT3,A,1.0,2.0,at_home,other,course,mother,2.0,2.0,2.0,no,yes,no,no,yes,yes,no,no,4.0,3,3.0,1.0,1.0,5.0,2.0,6,8,8
3,GP,F,15.0,U,GT3,T,4.0,2.0,health,services,home,mother,1.0,3.0,0.0,no,yes,no,yes,yes,yes,yes,yes,3.0,2,2.0,1.0,1.0,5.0,0.0,14,14,14
31,GP,M,15.0,U,GT3,T,4.0,4.0,services,services,reputation,mother,2.0,2.0,0.0,no,yes,no,yes,yes,yes,yes,no,4.0,3,1.0,1.0,1.0,5.0,2.0,15,15,15
17,GP,F,16.0,U,GT3,T,3.0,3.0,other,other,reputation,mother,3.0,2.0,0.0,yes,yes,no,yes,yes,yes,no,no,5.0,3,2.0,1.0,1.0,4.0,2.0,13,14,14
539,MS,F,16.0,U,LE3,T,4.0,1.0,other,other,home,mother,2.0,2.0,0.0,no,yes,no,yes,yes,yes,yes,no,1.0,2,4.0,2.0,2.0,1.0,8.0,9,10,10
563,MS,M,17.0,U,GT3,T,2.0,2.0,other,other,course,mother,1.0,1.0,1.0,no,no,no,yes,yes,yes,no,yes,1.0,2,1.0,2.0,3.0,5.0,0.0,7,0,0
12,GP,M,15.0,U,LE3,T,4.0,4.0,health,services,course,father,1.0,1.0,0.0,no,yes,no,yes,yes,yes,yes,no,4.0,3,3.0,1.0,3.0,5.0,0.0,12,13,12
87,GP,F,15.0,U,GT3,T,4.0,2.0,other,other,reputation,mother,1.0,3.0,0.0,no,yes,no,yes,yes,yes,yes,no,5.0,3,3.0,1.0,3.0,1.0,4.0,15,15,15
497,MS,M,17.0,U,GT3,T,3.0,3.0,services,at_home,course,mother,2.0,4.0,1.0,no,yes,yes,yes,yes,yes,no,no,5.0,4,5.0,3.0,4.0,5.0,0.0,10,11,10
538,MS,F,16.0,R,LE3,T,2.0,2.0,other,other,course,mother,1.0,3.0,0.0,no,yes,no,no,no,yes,no,yes,4.0,3,3.0,2.0,2.0,5.0,2.0,11,11,11
273,GP,F,,U,GT3,T,3.0,3.0,services,other,home,mother,2.0,3.0,0.0,no,yes,no,0,yes,yes,yes,yes,4.0,2,2.0,2.0,3.0,5.0,10.0,11,11,11
115,GP,M,16.0,U,GT3,T,4.0,4.0,teacher,teacher,course,father,1.0,2.0,0.0,no,yes,no,yes,yes,yes,yes,no,5.0,4,4.0,1.0,2.0,5.0,6.0,16,14,14
138,GP,M,15.0,R,GT3,T,3.0,4.0,at_home,teacher,course,mother,4.0,2.0,0.0,no,yes,no,no,yes,yes,no,yes,5.0,3,3.0,1.0,1.0,5.0,2.0,12,11,11
198,GP,F,16.0,U,GT3,T,3.0,2.0,other,other,reputation,mother,1.0,2.0,0.0,no,yes,no,no,yes,yes,yes,no,1.0,2,2.0,1.0,2.0,1.0,8.0,14,15,16
88,GP,M,16.0,U,GT3,T,2.0,2.0,services,other,reputation,father,2.0,2.0,0.0,no,no,no,yes,no,yes,yes,no,4.0,4,2.0,1.0,1.0,3.0,6.0,12,10,11
79,GP,F,16.0,U,GT3,T,3.0,4.0,at_home,other,course,mother,1.0,2.0,0.0,no,yes,no,no,yes,yes,yes,no,2.0,4,3.0,1.0,2.0,3.0,14.0,12,11,11
436,MS,F,15.0,R,LE3,T,1.0,1.0,other,services,course,mother,2.0,1.0,1.0,no,yes,no,no,yes,yes,yes,yes,4.0,4,3.0,1.0,2.0,2.0,4.0,6,7,8
527,MS,M,16.0,U,LE3,T,2.0,2.0,services,services,other,mother,4.0,3.0,0.0,no,no,no,no,yes,yes,no,no,5.0,1,3.0,2.0,2.0,3.0,0.0,10,9,10
382,GP,F,17.0,U,GT3,T,3.0,3.0,at_home,other,course,mother,1.0,1.0,0.0,no,yes,yes,yes,yes,yes,yes,no,4.0,2,5.0,2.0,5.0,5.0,2.0,11,12,11
251,GP,F,16.0,U,GT3,T,2.0,1.0,other,other,home,mother,1.0,1.0,0.0,no,no,no,no,yes,yes,yes,yes,4.0,5,2.0,1.0,1.0,5.0,4.0,9,10,10
591,MS,F,18.0,U,GT3,T,2.0,2.0,services,at_home,reputation,father,2.0,2.0,0.0,no,no,0,,no,yes,yes,no,4.0,3,5.0,1.0,1.0,1.0,2.0,12,13,14
448,MS,F,16.0,R,GT3,T,4.0,4.0,teacher,teacher,course,mother,2.0,3.0,0.0,no,no,no,yes,yes,yes,yes,yes,4.0,2,2.0,1.0,1.0,4.0,6.0,16,16,17
226,GP,F,16.0,U,GT3,A,2.0,2.0,other,other,reputation,mother,1.0,2.0,0.0,yes,yes,no,no,yes,yes,yes,no,3.0,3,4.0,1.0,1.0,4.0,0.0,13,13,13
208,GP,M,16.0,U,GT3,T,2.0,3.0,other,other,home,father,2.0,1.0,0.0,no,no,no,no,yes,yes,yes,no,5.0,3,3.0,1.0,1.0,3.0,0.0,13,12,12
468,MS,M,15.0,U,GT3,T,2.0,2.0,health,other,reputation,mother,3.0,1.0,0.0,no,no,no,no,yes,yes,no,no,4.0,3,3.0,1.0,2.0,4.0,1.0,13,12,13
389,GP,F,18.0,U,LE3,T,2.0,2.0,other,other,home,other,1.0,2.0,0.0,não,no,no,yes,no,yes,yes,,4.0,3,3.0,1.0,1.0,2.0,0.0,10,9,12
32,GP,M,15.0,R,GT3,,4.0,3.0,teacher,at_home,course,mother,1.0,2.0,0.0,no,sim,no,yes,yes,yes,yes,yes,4.0,5,2.0,1.0,1.0,5.0,0.0,13,14,15
293,GP,F,18.0,U,LE3,T,1.0,1.0,other,at_home,home,mother,1.0,3.0,0.0,no,yes,no,no,no,yes,no,no,4.0,4,3.0,2.0,3.0,3.0,4.0,11,12,14
493,MS,F,17.0,U,GT3,T,0.0,1.0,other,at_home,course,father,2.0,1.0,0.0,no,no,no,yes,no,yes,no,no,2.0,4,4.0,3.0,5.0,5.0,5.0,9,9,10
27,GP,M,15.0,U,GT3,T,4.0,2.0,health,services,other,mother,1.0,1.0,0.0,no,no,no,no,sim,yes,,no,2.0,2,4.0,2.0,4.0,1.0,0.0,11,11,11
598,MS,M,18.0,U,LE3,T,1.0,2.0,at_home,services,home,mother,2.0,1.0,0.0,no,yes,no,no,no,yes,no,no,4.0,1,4.0,5.0,5.0,1.0,8.0,10,11,11
219,GP,F,17.0,U,GT3,T,3.0,4.0,at_home,services,home,mother,1.0,3.0,1.0,no,yes,yes,no,yes,yes,yes,yes,4.0,4,3.0,3.0,4.0,5.0,14.0,8,9,8
107,GP,M,16.0,U,GT3,T,3.0,3.0,services,other,home,father,1.0,3.0,0.0,no,yes,no,yes,yes,yes,yes,no,5.0,3,3.0,1.0,1.0,5.0,4.0,13,14,14
376,GP,F,18.0,U,GT3,T,1.0,1.0,other,other,home,mother,2.0,3.0,0.0,no,no,no,yes,yes,yes,yes,no,4.0,5,5.0,1.0,2.0,2.0,0.0,14,14,14
367,GP,F,17.0,U,LE3,,2.0,1.0,other,other,home,father,1.0,2.0,0.0,no,no,no,yes,yes,sim,yes,no,4.0,2,3.0,2.0,2.0,2.0,2.0,11,12,14
544,MS,M,17.0,R,LE3,T,1.0,3.0,other,other,course,father,2.0,1.0,0.0,no,no,no,yes,yes,yes,no,yes,5.0,1,2.0,3.0,3.0,5.0,2.0,12,11,12
582,MS,F,19.0,U,LE3,A,1.0,1.0,at_home,other,course,mother,1.0,1.0,0.0,no,yes,no,no,yes,no,no,no,1.0,4,4.0,1.0,1.0,5.0,0.0,6,8,7
112,GP,F,16.0,U,GT3,T,2.0,2.0,at_home,other,home,mother,1.0,2.0,1.0,yes,no,no,yes,yes,yes,yes,no,3.0,1,2.0,1.0,1.0,5.0,12.0,8,10,10
246,GP,M,17.0,U,GT3,T,4.0,4.0,teacher,teacher,reputation,mother,1.0,2.0,0.0,yes,yes,no,yes,yes,yes,yes,yes,4.0,5,5.0,1.0,3.0,2.0,0.0,13,13,13
328,GP,F,18.0,U,GT3,T,1.0,1.0,other,other,home,mother,2.0,2.0,0.0,yes,no,no,yes,yes,yes,yes,no,5.0,4,4.0,1.0,1.0,4.0,0.0,12,13,13
403,GP,F,17.0,U,GT3,T,2.0,1.0,services,other,course,mother,2.0,2.0,0.0,no,yes,no,yes,yes,yes,yes,yes,4.0,3,4.0,2.0,2.0,1.0,10.0,12,15,15
416,GP,M,17.0,U,LE3,A,3.0,2.0,other,other,reputation,mother,1.0,2.0,0.0,no,yes,no,no,yes,yes,yes,no,4.0,4,4.0,1.0,2.0,5.0,10.0,16,18,18
455,MS,F,15.0,U,GT3,T,2.0,1.0,at_home,other,home,mother,1.0,2.0,0.0,yes,yes,no,no,no,yes,yes,no,4.0,4,2.0,3.0,3.0,2.0,0.0,9,10,9
184,GP,M,16.0,U,GT3,T,3.0,4.0,other,other,course,father,3.0,1.0,1.0,no,yes,no,yes,no,yes,yes,no,3.0,4,5.0,2.0,4.0,2.0,4.0,9,9,10
307,GP,M,17.0,U,GT3,T,3.0,1.0,services,other,other,mother,1.0,2.0,0.0,no,no,no,yes,yes,yes,yes,yes,5.0,4,4.0,3.0,4.0,5.0,0.0,11,11,14
429,MS,M,16.0,R,LE3,A,4.0,4.0,at_home,other,home,mother,1.0,2.0,0.0,no,yes,no,no,yes,yes,,no,5.0,3,2.0,1.0,3.0,2.0,5.0,10,11,11
262,GP,F,17.0,R,LE3,A,1.0,4.0,other,other,course,other,4.0,1.0,1.0,no,yes,no,no,yes,yes,yes,no,5.0,5,4.0,1.0,1.0,5.0,14.0,9,9,8
29,GP,M,16.0,U,GT3,T,4.0,4.0,teacher,teacher,home,mother,1.0,2.0,0.0,no,yes,yes,yes,yes,yes,yes,yes,4.0,4,5.0,5.0,5.0,5.0,4.0,12,11,12
79,GP,F,16.0,U,GT3,T,3.0,4.0,at_home,other,course,mother,1.0,2.0,0.0,no,yes,no,no,yes,yes,yes,no,2.0,4,3.0,1.0,2.0,3.0,14.0,12,11,11
428,MS,F,15.0,R,LE3,T,2.0,1.0,at_home,other,home,mother,2.0,1.0,0.0,no,no,no,no,yes,no,no,no,1.0,3,4.0,1.0,1.0,1.0,0.0,6,8,9
466,MS,M,15.0,U,GT3,T,3.0,1.0,other,services,home,mother,2.0,1.0,0.0,no,yes,no,no,yes,yes,no,no,3.0,2,3.0,1.0,3.0,4.0,0.0,10,9,11
245,GP,M,17.0,R,GT3,T,2.0,2.0,other,other,course,father,2.0,2.0,0.0,no,yes,no,yes,yes,yes,yes,no,4.0,5,2.0,1.0,1.0,1.0,0.0,12,13,13
167,GP,F,17.0,U,GT3,,4.0,4.0,other,teacher,course,mother,1.0,1.0,0.0,yes,1,no,no,yes,yes,no,yes,4.0,2,1.0,1.0,1.0,4.0,0.0,13,13,13
40,GP,F,16.0,U,LE3,T,2.0,2.0,other,other,home,mother,2.0,2.0,0.0,no,yes,no,yes,no,yes,yes,yes,3.0,3,3.0,1.0,2.0,3.0,16.0,11,11,10
98,GP,F,16.0,U,GT3,T,4.0,4.0,other,other,reputation,mother,1.0,1.0,0.0,no,no,no,yes,no,yes,yes,no,5.0,3,4.0,1.0,2.0,1.0,4.0,12,13,13
270,GP,M,16.0,U,GT3,T,4.0,4.0,services,services,course,mother,1.0,1.0,0.0,,no,yes,sim,yes,yes,yes,no,5.0,3,2.0,1.0,2.0,5.0,4.0,14,15,15
15,GP,F,16.0,U,GT3,T,4.0,4.0,health,other,home,mother,1.0,1.0,0.0,no,yes,no,no,yes,yes,yes,no,4.0,4,4.0,1.0,2.0,2.0,6.0,17,17,17
297,GP,M,17.0,R,GT3,T,2.0,2.0,other,services,other,mother,2.0,1.0,0.0,no,no,no,no,no,no,no,no,5.0,2,2.0,1.0,1.0,4.0,0.0,9,10,10
281,GP,M,16.0,U,GT3,T,0.0,2.0,other,other,other,mother,1.0,,0.0,no,no,no,não,no,yes,yes,no,4.0,3,2.0,2.0,4.0,5.0,0.0,11,12,11
508,MS,M,17.0,R,GT3,T,2.0,2.0,other,other,course,mother,3.0,1.0,1.0,no,yes,no,no,no,yes,yes,no,4.0,4,5.0,1.0,2.0,5.0,0.0,10,9,9
457,MS,M,17.0,R,LE3,T,1.0,2.0,at_home,services,reputation,mother,1.0,1.0,0.0,no,yes,no,yes,yes,yes,yes,no,5.0,5,5.0,5.0,5.0,3.0,4.0,10,11,11
188,GP,F,16.0,U,LE3,T,3.0,3.0,other,other,reputation,mother,2.0,2.0,0.0,no,yes,no,yes,yes,yes,yes,no,4.0,4,5.0,1.0,1.0,4.0,0.0,14,14,15
143,GP,F,18.0,U,GT3,A,3.0,2.0,other,services,course,other,1.0,3.0,0.0,no,yes,no,yes,no,yes,yes,yes,4.0,3,3.0,5.0,1.0,5.0,10.0,12,11,11
556,MS,M,16.0,R,LE3,T,1.0,2.0,other,at_home,course,mother,1.0,1.0,0.0,no,no,no,no,yes,yes,no,no,4.0,4,4.0,2.0,4.0,5.0,4.0,9,10,11
529,MS,F,16.0,U,LE3,T,4.0,4.0,services,services,other,father,2.0,1.0,0.0,no,yes,no,no,yes,yes,no,no,5.0,1,3.0,1.0,2.0,5.0,1.0,11,11,11
621,MS,F,17.0,R,GT3,T,1.0,2.0,other,services,course,father,2.0,2.0,0.0,no,no,no,no,no,yes,no,no,3.0,2,2.0,1.0,2.0,3.0,0.0,13,13,13
509,MS,F,16.0,R,LE3,T,1.0,1.0,at_home,other,course,father,3.0,2.0,0.0,no,yes,no,no,yes,yes,no,no,5.0,3,2.0,1.0,1.0,1.0,0.0,16,17,18
496,MS,F,16.0,R,LE3,T,1.0,1.0,services,services,home,mother,1.0,1.0,0.0,no,yes,no,yes,yes,yes,yes,yes,4.0,4,4.0,2.0,2.0,4.0,2.0,14,14,14
369,GP,F,19.0,U,GT3,T,1.0,1.0,other,other,course,other,3.0,3.0,0.0,no,no,no,yes,yes,no,no,yes,1.0,5,5.0,4.0,3.0,5.0,12.0,10,10,11
588,MS,F,17.0,U,GT3,T,4.0,1.0,health,at_home,course,mother,1.0,1.0,0.0,no,yes,no,no,yes,yes,no,yes,3.0,2,2.0,1.0,1.0,5.0,0.0,8,10,9
178,GP,M,17.0,R,LE3,T,1.0,1.0,other,services,course,mother,4.0,2.0,0.0,no,no,no,yes,yes,no,no,yes,5.0,3,5.0,1.0,5.0,5.0,0.0,8,8,8
595,MS,M,18.0,U,LE3,T,4.0,4.0,services,other,reputation,mother,1.0,1.0,0.0,no,yes,no,yes,yes,yes,yes,no,5.0,4,5.0,1.0,1.0,5.0,3.0,17,17,17
261,GP,F,17.0,R,GT3,T,2.0,1.0,at_home,services,course,mother,3.0,2.0,0.0,no,no,no,yes,yes,yes,no,no,2.0,1,1.0,1.0,1.0,3.0,2.0,13,13,13
350,GP,M,19.0,R,LE3,T,2.0,1.0,at_home,services,course,mother,2.0,3.0,1.0,no,no,no,yes,yes,yes,yes,yes,4.0,3,1.0,1.0,1.0,5.0,0.0,9,10,11
456,MS,F,16.0,U,GT3,T,1.0,1.0,at_home,other,course,father,1.0,2.0,0.0,no,yes,no,no,no,yes,no,yes,5.0,4,3.0,2.0,1.0,2.0,0.0,13,14,15
587,MS,F,18.0,R,LE3,T,2.0,2.0,services,services,course,mother,1.0,2.0,1.0,no,yes,no,yes,yes,yes,yes,no,2.0,3,3.0,1.0,2.0,4.0,3.0,7,6,8
589,MS,F,17.0,U,LE3,T,1.0,2.0,at_home,other,course,father,1.0,1.0,0.0,no,no,no,no,yes,yes,yes,no,5.0,5,1.0,1.0,1.0,3.0,0.0,7,10,10
512,MS,F,18.0,R,GT3,T,1.0,1.0,at_home,other,other,mother,1.0,2.0,1.0,no,yes,no,no,yes,yes,yes,yes,4.0,3,2.0,1.0,1.0,5.0,9.0,7,7,7
445,MS,M,15.0,R,GT3,T,1.0,1.0,other,other,course,mother,4.0,2.0,0.0,no,yes,no,yes,yes,yes,no,yes,5.0,4,5.0,2.0,4.0,4.0,8.0,7,9,9
593,MS,F,18.0,U,LE3,A,1.0,2.0,at_home,other,reputation,mother,2.0,2.0,0.0,no,no,no,no,yes,yes,yes,no,4.0,4,3.0,1.0,2.0,4.0,0.0,12,13,14
555,MS,F,16.0,R,GT3,T,1.0,2.0,other,other,home,father,1.0,3.0,0.0,yes,yes,no,no,no,yes,yes,yes,4.0,3,4.0,1.0,1.0,3.0,5.0,13,14,13
483,MS,F,16.0,R,GT3,T,2.0,2.0,other,other,course,father,3.0,2.0,0.0,no,yes,no,no,yes,no,yes,no,3.0,4,5.0,1.0,2.0,1.0,1.0,9,10,11
147,GP,F,15.0,U,GT3,T,4.0,4.0,teacher,teacher,course,mother,2.0,1.0,0.0,no,no,no,yes,yes,yes,yes,no,4.0,3,2.0,1.0,1.0,5.0,6.0,13,14,14
623,MS,M,18.0,U,LE3,T,4.0,4.0,teacher,services,other,mother,2.0,3.0,0.0,no,no,no,no,yes,yes,yes,yes,4.0,2,2.0,2.0,2.0,5.0,0.0,15,16,16
28,GP,M,16.0,U,LE3,A,3.0,4.0,services,other,home,mother,1.0,2.0,0.0,yes,yes,yes,yes,yes,yes,yes,no,5.0,3,3.0,1.0,1.0,5.0,2.0,12,12,13
321,GP,F,17.0,U,GT3,T,2.0,2.0,other,services,reputation,father,3.0,3.0,0.0,no,yes,no,no,yes,yes,yes,yes,4.0,2,3.0,1.0,1.0,1.0,8.0,13,15,15
414,GP,F,20.0,R,GT3,T,1.0,1.0,other,other,reputation,other,2.0,3.0,0.0,no,no,no,no,yes,yes,yes,yes,3.0,2,2.0,1.0,3.0,3.0,8.0,11,15,15
169,GP,M,17.0,R,LE3,T,1.0,2.0,other,other,reputation,mother,1.0,1.0,3.0,no,no,no,no,yes,yes,no,no,2.0,2,2.0,3.0,3.0,5.0,14.0,9,8,10
331,GP,M,17.0,U,GT3,T,1.0,1.0,other,other,reputation,father,1.0,2.0,0.0,no,no,no,no,no,yes,yes,no,4.0,3,3.0,1.0,2.0,4.0,0.0,12,12,12
167,GP,F,17.0,U,GT3,,4.0,4.0,other,teacher,course,mother,1.0,1.0,0.0,yes,1,no,no,yes,yes,no,yes,4.0,2,1.0,1.0,1.0,4.0,0.0,13,13,13
418,GP,M,18.0,R,GT3,T,2.0,3.0,other,services,reputation,father,1.0,1.0,0.0,no,no,no,no,yes,yes,yes,no,3.0,1,3.0,4.0,5.0,4.0,13.0,13,14,14
92,GP,F,16.0,U,LE3,T,3.0,1.0,other,other,home,father,1.0,2.0,0.0,yes,yes,no,no,yes,yes,no,no,3.0,3,3.0,2.0,3.0,2.0,0.0,12,13,12
238,GP,F,16.0,U,GT3,T,4.0,4.0,teacher,services,home,mother,1.0,3.0,0.0,no,yes,no,yes,não,yes,yes,no,5.0,3,2.0,1.0,,5.0,4.0,15,16,16
168,GP,M,15.0,R,GT3,T,2.0,3.0,at_home,services,course,mother,1.0,2.0,0.0,yes,no,yes,yes,yes,yes,no,no,4.0,4,4.0,1.0,1.0,1.0,0.0,7,8,8
320,GP,F,18.0,U,GT3,T,4.0,4.0,health,health,reputation,father,1.0,2.0,1.0,yes,yes,no,yes,yes,yes,yes,yes,2.0,4,4.0,1.0,1.0,4.0,2.0,14,12,13
612,MS,M,17.0,R,GT3,T,4.0,3.0,services,other,home,mother,2.0,2.0,1.0,no,yes,yes,yes,no,yes,yes,yes,4.0,5,5.0,1.0,3.0,2.0,4.0,10,11,11
282,GP,M,18.0,U,GT3,T,3.0,2.0,services,other,course,mother,2.0,1.0,0.0,no,no,no,no,yes,no,yes,no,4.0,4,5.0,2.0,4.0,5.0,8.0,7,8,7
495,MS,F,16.0,U,GT3,T,3.0,3.0,other,other,reputation,mother,1.0,1.0,0.0,no,no,no,yes,yes,no,yes,yes,4.0,5,4.0,1.0,1.0,4.0,0.0,14,13,13
389,GP,F,18.0,U,LE3,T,2.0,2.0,other,other,home,other,1.0,2.0,0.0,não,no,no,yes,no,yes,yes,,4.0,3,3.0,1.0,1.0,2.0,0.0,10,9,12
409,GP,M,18.0,U,LE3,A,3.0,4.0,other,other,reputation,other,1.0,2.0,0.0,no,no,no,yes,yes,yes,yes,yes,4.0,3,5.0,1.0,4.0,2.0,9.0,13,14,15
176,GP,M,15.0,U,LE3,T,1.0,2.0,other,other,course,mother,2.0,1.0,0.0,no,no,no,yes,yes,yes,no,no,4.0,4,4.0,2.0,4.0,5.0,2.0,8,9,10
393,GP,F,18.0,U,LE3,T,3.0,3.0,services,services,home,mother,1.0,4.0,0.0,no,yes,no,no,yes,yes,yes,no,5.0,3,3.0,1.0,1.0,1.0,4.0,14,14,15
464,MS,M,16.0,R,GT3,T,1.0,1.0,at_home,other,other,father,2.0,,0.0,no,no,no,1,yes,yes,no,no,3.0,4,4.0,3.0,4.0,5.0,6.0,11,11,11
66,GP,M,15.0,U,GT3,A,4.0,4.0,other,services,reputation,mother,1.0,4.0,0.0,no,yes,no,yes,no,yes,yes,yes,1.0,3,3.0,5.0,5.0,3.0,0.0,11,12,12
607,MS,F,17.0,R,LE3,A,2.0,1.0,services,other,reputation,mother,2.0,2.0,0.0,no,no,no,yes,yes,yes,yes,yes,5.0,3,3.0,1.0,2.0,2.0,5.0,11,11,12
94,GP,M,15.0,U,LE3,T,2.0,2.0,services,health,reputation,mother,1.0,4.0,0.0,no,yes,no,yes,yes,yes,yes,não,4.0,3,4.0,,1.0,4.0,2.0,11,12,12
524,MS,F,16.0,R,LE3,T,3.0,4.0,at_home,other,other,mother,3.0,2.0,0.0,no,yes,no,no,no,yes,no,no,4.0,2,1.0,1.0,1.0,2.0,2.0,7,9,8
198,GP,F,16.0,U,GT3,T,3.0,2.0,other,other,reputation,mother,1.0,2.0,0.0,no,yes,no,no,yes,yes,yes,no,1.0,2,2.0,1.0,2.0,1.0,8.0,14,15,16
387,GP,M,18.0,U,GT3,T,2.0,2.0,other,other,reputation,mother,1.0,1.0,0.0,no,no,no,no,no,yes,yes,não,5.0,4,,1.0,2.0,5.0,6.0,15,14,15
154,GP,F,16.0,U,LE3,T,1.0,1.0,at_home,at_home,course,mother,1.0,1.0,0.0,no,no,no,no,yes,yes,yes,no,3.0,4,4.0,3.0,3.0,1.0,4.0,10,11,11
137,GP,F,16.0,U,GT3,A,2.0,2.0,other,other,home,mother,1.0,1.0,1.0,no,no,no,no,yes,yes,no,no,5.0,3,4.0,1.0,1.0,5.0,12.0,13,11,11
100,GP,M,16.0,U,GT3,T,4.0,4.0,services,services,other,mother,1.0,1.0,0.0,yes,yes,no,yes,yes,yes,yes,no,4.0,5,5.0,5.0,5.0,4.0,12.0,9,9,8
596,MS,F,17.0,U,GT3,T,4.0,2.0,other,other,course,mother,2.0,2.0,0.0,no,yes,no,no,yes,yes,yes,no,4.0,3,3.0,1.0,2.0,4.0,0.0,17,18,18
114,GP,M,15.0,R,GT3,T,2.0,1.0,health,services,reputation,mother,1.0,2.0,0.0,no,no,no,yes,yes,,sim,yes,5.0,4,2.0,1.0,1.0,5.0,4.0,10,9,10
210,GP,M,17.0,U,GT3,T,4.0,4.0,services,teacher,home,mother,1.0,1.0,0.0,no,no,no,no,yes,yes,yes,no,5.0,2,3.0,1.0,2.0,5.0,4.0,13,13,14
160,GP,F,15.0,U,GT3,T,1.0,2.0,at_home,services,course,father,1.0,2.0,0.0,no,no,no,no,no,yes,no,yes,2.0,3,4.0,2.0,4.0,1.0,6.0,11,11,11
415,GP,F,19.0,U,GT3,T,4.0,4.0,teacher,other,home,other,1.0,1.0,1.0,no,yes,no,no,yes,yes,yes,yes,3.0,2,5.0,4.0,4.0,5.0,5.0,9,10,11
51,GP,F,15.0,U,LE3,T,4.0,2.0,health,other,other,mother,1.0,2.0,0.0,no,yes,no,no,yes,yes,yes,no,4.0,3,3.0,1.0,1.0,5.0,0.0,16,14,16
568,MS,M,19.0,U,GT3,T,3.0,2.0,at_home,services,course,mother,2.0,1.0,3.0,no,no,no,yes,yes,yes,no,no,3.0,2,1.0,1.0,1.0,3.0,4.0,6,11,9
110,GP,M,15.0,U,LE3,A,4.0,4.0,teacher,teacher,course,mother,1.0,1.0,0.0,no,no,no,yes,yes,yes,yes,no,5.0,5,3.0,1.0,1.0,4.0,4.0,13,14,14
136,GP,M,16.0,U,GT3,T,2.0,1.0,at_home,other,course,mother,4.0,1.0,0.0,no,no,no,no,yes,yes,no,no,3.0,2,1.0,1.0,1.0,2.0,4.0,9,9,11
505,MS,F,17.0,R,GT3,T,1.0,1.0,at_home,other,reputation,mother,2.0,1.0,0.0,no,yes,no,yes,no,yes,yes,yes,4.0,4,5.0,1.0,2.0,5.0,0.0,11,11,11
250,GP,M,17.0,U,LE3,T,2.0,2.0,other,,home,father,1.0,2.0,0.0,no,no,não,yes,no,yes,yes,yes,4.0,4,2.0,5.0,5.0,4.0,0.0,16,16,16
617,MS,F,18.0,U,LE3,T,,1.0,at_home,services,course,father,2.0,3.0,0.0,no,0,no,no,yes,yes,yes,no,5.0,3,2.0,1.0,1.0,4.0,0.0,19,17,18
305,GP,M,17.0,U,GT3,T,2.0,2.0,other,other,home,father,2.0,1.0,0.0,no,no,no,no,yes,no,yes,no,4.0,4,4.0,2.0,3.0,4.0,8.0,8,8,9
128,GP,M,16.0,R,GT3,T,4.0,4.0,teacher,teacher,course,mother,1.0,1.0,0.0,no,no,no,yes,yes,yes,yes,no,3.0,5,5.0,2.0,5.0,4.0,8.0,14,14,15
27,GP,M,15.0,U,GT3,T,4.0,2.0,health,services,other,mother,1.0,1.0,0.0,no,no,no,no,sim,yes,,no,2.0,2,4.0,2.0,4.0,1.0,0.0,11,11,11
171,GP,M,16.0,R,GT3,T,2.0,2.0,at_home,other,course,mother,3.0,1.0,0.0,no,no,no,no,no,yes,no,no,4.0,2,2.0,1.0,2.0,3.0,4.0,12,10,11
324,GP,M,18.0,U,GT3,T,1.0,2.0,at_home,other,home,other,2.0,1.0,0.0,no,no,no,no,no,no,yes,no,3.0,4,4.0,2.0,4.0,4.0,10.0,10,10,11
102,GP,M,15.0,U,GT3,T,4.0,4.0,services,other,course,mother,1.0,1.0,0.0,no,yes,yes,yes,no,yes,yes,no,5.0,3,3.0,1.0,1.0,5.0,2.0,12,13,12
460,MS,F,15.0,R,GT3,T,1.0,1.0,at_home,other,home,father,2.0,2.0,0.0,no,yes,no,yes,yes,yes,yes,no,4.0,3,3.0,1.0,1.0,2.0,1.0,11,10,11
613,MS,F,18.0,U,GT3,T,3.0,3.0,services,services,course,father,1.0,2.0,0.0,no,yes,no,no,yes,yes,no,yes,5.0,3,4.0,1.0,1.0,5.0,0.0,10,10,10
606,MS,F,17.0,U,GT3,T,4.0,2.0,teacher,other,course,father,2.0,4.0,0.0,no,no,no,no,yes,yes,yes,yes,4.0,2,3.0,3.0,1.0,5.0,0.0,18,18,18
22,GP,M,16.0,U,LE3,T,4.0,2.0,teacher,other,course,mother,1.0,2.0,0.0,no,no,no,yes,yes,yes,yes,no,4.0,5,1.0,1.0,3.0,5.0,0.0,12,13,14
310,GP,F,18.0,R,GT3,T,2.0,1.0,other,other,reputation,mother,2.0,2.0,0.0,no,yes,no,no,yes,no,yes,yes,4.0,3,5.0,1.0,2.0,3.0,12.0,8,9,10
99,GP,F,16.0,U,GT3,T,4.0,3.0,other,at_home,course,mother,,3.0,0.0,yes,sim,no,no,yes,yes,yes,no,5.0,3,5.0,1.0,1.0,3.0,2.0,12,13,13
14,GP,M,15.0,U,GT3,A,2.0,2.0,other,other,home,other,1.0,3.0,0.0,no,yes,no,no,yes,yes,yes,yes,4.0,5,2.0,1.0,1.0,3.0,0.0,14,14,15
515,MS,F,18.0,U,LE3,T,1.0,1.0,other,at_home,reputation,mother,2.0,2.0,0.0,yes,no,no,no,yes,yes,no,no,2.0,3,5.0,1.0,4.0,3.0,8.0,9,8,10
53,GP,F,15.0,U,GT3,T,4.0,4.0,services,services,course,mother,1.0,1.0,0.0,yes,yes,no,no,yes,yes,yes,no,3.0,3,4.0,2.0,3.0,5.0,0.0,13,12,12
340,GP,M,17.0,U,GT3,T,3.0,3.0,health,other,home,mother,1.0,1.0,0.0,no,yes,no,no,yes,yes,yes,no,4.0,4,3.0,1.0,3.0,5.0,0.0,14,15,15
299,GP,F,20.0,R,GT3,T,2.0,1.0,other,other,course,other,2.0,2.0,0.0,no,yes,yes,yes,yes,no,yes,yes,1.0,2,3.0,1.0,2.0,2.0,8.0,10,12,12
190,GP,F,16.0,U,GT3,T,2.0,2.0,services,other,reputation,mother,2.0,2.0,0.0,no,no,no,yes,no,yes,yes,no,3.0,4,4.0,1.0,4.0,5.0,0.0,13,12,14
387,GP,M,18.0,U,GT3,T,2.0,2.0,other,other,reputation,mother,1.0,1.0,0.0,no,no,no,no,no,yes,yes,não,5.0,4,,1.0,2.0,5.0,6.0,15,14,15
407,GP,F,21.0,U,LE3,T,4.0,4.0,other,other,reputation,other,1.0,3.0,2.0,no,no,yes,yes,yes,yes,yes,no,3.0,3,2.0,1.0,1.0,5.0,0.0,9,12,12
473,MS,M,16.0,U,LE3,T,2.0,1.0,at_home,services,course,mother,2.0,,0.0,0,yes,no,yes,yes,yes,yes,no,2.0,4,3.0,2.0,3.0,4.0,4.0,10,8,10
20,GP,M,15.0,U,GT3,T,4.0,3.0,teacher,other,reputation,mother,1.0,2.0,0.0,no,no,no,no,yes,yes,yes,no,4.0,4,1.0,1.0,1.0,1.0,0.0,12,13,14
117,GP,M,16.0,U,GT3,T,3.0,3.0,other,services,home,father,2.0,1.0,0.0,no,no,no,yes,yes,yes,yes,no,5.0,4,2.0,1.0,1.0,5.0,6.0,14,14,15
